date,PM2.5,PM10,NO,NO2,NOx,NH3,SO2,CO
01-Jan-2019 - 00:00,269.38,337.67,106,53.6,114.66,59.62,12.07,3.39
02-Jan-2019 - 00:00,324.15,407.18,137.02,62.62,144.07,75.74,11.38,3.82
03-Jan-2019 - 00:00,348.8,436.04,66.22,46.85,78.62,39.16,9.28,3.32
04-Jan-2019 - 00:00,234.48,325.96,63.2,36.36,70.64,37.02,6.92,2.35
05-Jan-2019 - 00:00,248.26,341.89,95.24,44.43,99.5,54.73,7.69,2.51
06-Jan-2019 - 00:00,179,221.65,33.62,36.52,46.32,22.6,5.07,1.45
07-Jan-2019 - 00:00,190.27,244.69,51.32,38.12,61.98,32.38,7.76,1.64
08-Jan-2019 - 00:00,155.4,201.73,22.46,32.67,35.61,17.08,6.65,1.11
09-Jan-2019 - 00:00,134.38,185.06,19.12,31.99,28.76,15.22,7.4,1.07
10-Jan-2019 - 00:00,190.82,267.79,80.53,48.75,86.61,45.91,6.91,2.67
11-Jan-2019 - 00:00,301.24,398.3,220.97,76.67,220.43,119.73,None,4.57
12-Jan-2019 - 00:00,269.11,366.31,203.68,76.8,206.56,113.53,None,4.39
13-Jan-2019 - 00:00,None,None,72.13,51.8,85.9,47.29,None,2.32
14-Jan-2019 - 00:00,35.52,115.72,14.79,32.81,29.11,15.88,None,0.79
15-Jan-2019 - 00:00,132.22,173.14,48.52,38.69,39.42,31.39,None,1.43
16-Jan-2019 - 00:00,269.18,354.89,177.83,71.54,182.63,99.91,None,3.64
17-Jan-2019 - 00:00,393.68,509.41,137.91,58.4,141.72,92.5,None,3.76
18-Jan-2019 - 00:00,247.58,330.81,74.1,31.73,77.1,43.36,None,2.08
19-Jan-2019 - 00:00,271.11,361.7,115.18,48.47,119.41,67.22,None,2.85
20-Jan-2019 - 00:00,306.19,397.08,201.12,68.54,199.96,112.42,None,4.28
21-Jan-2019 - 00:00,172.69,211.28,97.74,38.97,72.45,57.59,None,1.79
22-Jan-2019 - 00:00,55.49,67.11,29.31,25.83,37.54,22.57,None,0.86
23-Jan-2019 - 00:00,157.28,209.47,84.9,29.81,84.88,47.47,None,1.83
24-Jan-2019 - 00:00,122.49,178.49,37.79,24.86,43.88,25.89,None,1.07
25-Jan-2019 - 00:00,80.18,112.86,15.31,20.74,23.39,14.86,None,0.65
26-Jan-2019 - 00:00,94.98,130.79,10.05,18.02,17.34,12.15,None,0.61
27-Jan-2019 - 00:00,118.39,151.01,11.46,18.43,19.04,12.19,None,0.73
28-Jan-2019 - 00:00,107.65,145.62,13.57,18.72,20.83,13.21,5.85,0.79
29-Jan-2019 - 00:00,132.31,180.72,20.06,21.27,27.53,16.86,5.82,1.04
30-Jan-2019 - 00:00,207.05,284.3,64.89,29.09,66.92,38.82,None,1.85
31-Jan-2019 - 00:00,206.29,272.56,143.46,41.21,60.62,76.36,None,2.11
01-Feb-2019 - 00:00,178.4,216.71,15.26,21.51,12.4,14.78,None,1.21
02-Feb-2019 - 00:00,182.62,223.22,12.04,19.95,20.32,13.3,None,1.06
03-Feb-2019 - 00:00,130.44,171.83,14.46,20.47,22.41,14.52,None,1.01
04-Feb-2019 - 00:00,149.31,198.57,49.21,31.23,56.56,33.45,None,1.67
05-Feb-2019 - 00:00,252.21,344.79,135.87,46.95,135.43,75.42,None,3.2
06-Feb-2019 - 00:00,198.91,252.96,44.26,25.31,49.45,27.92,None,1.65
07-Feb-2019 - 00:00,66.81,88.14,20.72,18.45,26.6,15.23,None,0.83
08-Feb-2019 - 00:00,74.39,123.36,27,19.26,32.19,17.74,None,0.86
09-Feb-2019 - 00:00,80.19,129.43,15.97,15.66,21.29,11.89,None,0.77
10-Feb-2019 - 00:00,140.14,204.53,31.81,20.02,36.48,20.48,None,1.14
11-Feb-2019 - 00:00,190.41,268.74,55.91,25.86,56.27,31.19,None,1.78
12-Feb-2019 - 00:00,213.09,309.16,71.91,28.85,73.54,40.14,None,2.31
13-Feb-2019 - 00:00,212.16,298.91,59.98,29.43,64.42,35.55,None,1.87
14-Feb-2019 - 00:00,156.04,210.35,30.74,22.71,37.07,20.66,None,1.23
15-Feb-2019 - 00:00,145.49,193.75,None,None,0,None,None,0.99
16-Feb-2019 - 00:00,118.47,156.28,None,None,0,None,None,0.76
17-Feb-2019 - 00:00,99.97,139.06,None,None,0,None,None,0.84
18-Feb-2019 - 00:00,102.14,160.69,34.09,25.56,23.23,23.97,None,1.12
19-Feb-2019 - 00:00,156.28,235.34,54.46,27.44,58.79,32.98,None,1.63
20-Feb-2019 - 00:00,99.73,166.35,49.72,25.82,54.16,30.21,None,1.18
21-Feb-2019 - 00:00,79.24,149.6,57.79,25.11,60.33,33.82,39.13,1.38
22-Feb-2019 - 00:00,78.36,113.86,20.74,31.74,18.94,17.68,24.65,0.54
23-Feb-2019 - 00:00,54,80.47,6.38,36.88,23.16,15.5,20.15,0.39
24-Feb-2019 - 00:00,90.56,119.15,14.62,42.51,33.37,21.79,7.03,0.63
25-Feb-2019 - 00:00,108.78,140.45,49.67,54.13,68.92,40.74,10.12,1.08
26-Feb-2019 - 00:00,74.03,102,43.45,45.11,59.29,34.99,11.38,0.84
27-Feb-2019 - 00:00,49.15,79.62,22.62,33.04,35.87,21.46,7.32,0.6
28-Feb-2019 - 00:00,98.19,143.68,54.62,36.91,63.87,36.72,9.68,1.11
01-Mar-2019 - 00:00,92.62,150.92,47.47,41.66,60.57,35.57,10.19,1.16
02-Mar-2019 - 00:00,97.33,144.03,59.47,50.7,75.23,44.14,10.92,1.41
03-Mar-2019 - 00:00,71.12,107.41,51.62,34.27,60.03,36.02,6.26,1.28
04-Mar-2019 - 00:00,131.11,185.58,59,32.16,64.73,37.45,7.93,1.4
05-Mar-2019 - 00:00,69.94,105.27,20.89,33.52,34.27,21.69,7.52,0.73
06-Mar-2019 - 00:00,86.45,132.94,38.61,38.24,51.37,30.76,9.66,1.08
07-Mar-2019 - 00:00,105.07,169.47,64.79,41.64,73.52,43.22,12.3,1.41
08-Mar-2019 - 00:00,89.01,152.96,32.28,35.55,43.4,27.23,15.35,0.94
09-Mar-2019 - 00:00,73.79,123.99,13.47,28.58,24.73,16.75,16.36,0.56
10-Mar-2019 - 00:00,68.51,105.61,12.3,31.39,19.9,14.23,13.22,0.39
11-Mar-2019 - 00:00,56.4,108.31,32.27,39.73,33.02,21.38,10.43,0.85
12-Mar-2019 - 00:00,51.54,102.59,12.12,28.03,23.92,16.01,10.48,0.57
13-Mar-2019 - 00:00,90.04,194.35,41.75,40.29,42.1,44.18,22.04,1.31
14-Mar-2019 - 00:00,119.94,200.64,45.46,32.04,53.72,50.41,16.36,1.41
15-Mar-2019 - 00:00,74.85,121.11,24.58,27.6,34.24,32.74,12.83,0.78
16-Mar-2019 - 00:00,66.97,112.51,12.65,25.34,23.17,22.82,13.48,0.7
17-Mar-2019 - 00:00,94.33,145.98,17.39,29.55,29.12,28.55,17.04,0.87
18-Mar-2019 - 00:00,103.62,165.85,31.95,34.94,44.07,41.87,15.25,1.23
19-Mar-2019 - 00:00,100.02,173.15,43.23,33.96,52.49,49.96,17.11,1.43
20-Mar-2019 - 00:00,126.52,200.79,50.38,43.85,62.62,61.61,18.91,1.63
21-Mar-2019 - 00:00,124.24,160,31.31,36.17,6.45,44.19,19.04,1.07
22-Mar-2019 - 00:00,41.82,78.73,8.04,19.83,8.65,16.76,17.48,0.47
23-Mar-2019 - 00:00,47.69,101.72,9.46,17.24,16.34,16.09,14.67,0.59
24-Mar-2019 - 00:00,59.44,121.28,11.44,21.54,20.32,19.81,26.66,0.68
25-Mar-2019 - 00:00,69.69,127.41,12.47,24.37,22.5,22.25,19.56,0.84
26-Mar-2019 - 00:00,69.39,128.73,10.4,26.72,22.18,21.82,19.61,0.8
27-Mar-2019 - 00:00,69.94,137.28,26.32,30.52,36.98,35.5,18.91,1.25
28-Mar-2019 - 00:00,114.49,200.86,46.77,39.3,58.83,54.85,26.76,1.97
29-Mar-2019 - 00:00,121.56,200.33,36.89,39.4,47.31,41.62,17.56,1.69
30-Mar-2019 - 00:00,148.3,222.25,42.56,34.79,52.78,24.98,19.89,1.69
31-Mar-2019 - 00:00,58.73,96.2,23.4,28.51,6.95,16.14,17.72,0.69
01-Apr-2019 - 00:00,63.07,112.51,10.41,22.91,11.1,12.16,20.07,0.74
02-Apr-2019 - 00:00,94.21,151.49,25.66,31.48,37.48,18.39,22.8,1.14
03-Apr-2019 - 00:00,83.72,131.95,25.06,30.46,36.22,17.93,17.07,1.3
04-Apr-2019 - 00:00,154.73,227.56,44.58,39.41,34.38,27.06,26.03,2.43
05-Apr-2019 - 00:00,134.37,238.36,78.08,39.34,84.29,38.63,20.87,2.37
06-Apr-2019 - 00:00,100.42,292.32,37.97,21.69,42.2,22.02,3.02,1.52
07-Apr-2019 - 00:00,175.5,340.81,77.08,21.65,9.27,35.22,2.7,1.75
08-Apr-2019 - 00:00,83.18,266.84,20.01,30.19,17.93,16.9,5.75,1.18
09-Apr-2019 - 00:00,90.85,222.53,35.44,29.2,32.96,21.28,21.22,2.06
10-Apr-2019 - 00:00,102.92,202.53,None,None,0,None,14.93,1.75
11-Apr-2019 - 00:00,69.17,172.43,17.05,26.79,14.3,14.49,19.37,1.17
12-Apr-2019 - 00:00,68.74,194.76,14,21.9,22.71,11.69,18.42,1
13-Apr-2019 - 00:00,49.58,141.59,16.81,26.52,3.8,13.36,18.84,0.91
14-Apr-2019 - 00:00,47.3,138.61,None,None,0,None,20.86,0.8
15-Apr-2019 - 00:00,52.11,140.76,31.83,24.93,23.21,18.67,15.82,1.27
16-Apr-2019 - 00:00,73.8,154.33,18.15,21.4,25.92,13.49,7.79,1.02
17-Apr-2019 - 00:00,31.04,56.99,15.27,20.1,22.22,12.26,6.27,0.86
18-Apr-2019 - 00:00,46.82,76.47,11.72,21.28,20.43,10.95,12.63,0.96
19-Apr-2019 - 00:00,64.06,109.85,19.72,24.14,28.57,14.25,18.81,1.16
20-Apr-2019 - 00:00,88.94,137.8,16.15,29.64,14.38,14.09,20.02,1.5
21-Apr-2019 - 00:00,104.5,158.66,None,None,0,None,22.19,1.99
22-Apr-2019 - 00:00,138.06,202.18,None,None,0,None,31.2,2.41
23-Apr-2019 - 00:00,111.83,171.97,25.29,32.19,20.18,18.78,18.82,2.61
24-Apr-2019 - 00:00,101.58,177.88,17.05,31.88,10.29,15.37,14.55,1.68
25-Apr-2019 - 00:00,96.82,215.56,21.04,31.21,11.52,16.94,16.16,1.48
26-Apr-2019 - 00:00,86.8,168.88,32,26.74,16.85,21.14,23.16,1.41
27-Apr-2019 - 00:00,72,168,20.8,15.2,22.83,26.9,6.81,1.58
28-Apr-2019 - 00:00,None,None,None,None,None,None,None,None
29-Apr-2019 - 00:00,90.33,207.46,57.4,72.83,83.86,47.74,14.5,2.21
30-Apr-2019 - 00:00,109.36,255.07,87.07,92.15,22.46,62.44,29.56,2.12
01-May-2019 - 00:00,130.71,296.68,63.63,100.92,47.75,59.43,37.77,2.34
02-May-2019 - 00:00,79.73,221.89,26.35,80.96,41.41,42.67,21.68,1.72
03-May-2019 - 00:00,58.18,134.46,27.19,79.67,64.25,42.74,20.68,1.78
04-May-2019 - 00:00,76.05,169.07,27.16,81.9,65.45,42.14,14.99,1.79
05-May-2019 - 00:00,96.98,183.45,20.1,90.21,13.38,38.83,20.35,2.24
06-May-2019 - 00:00,107.66,209.5,73.13,94.41,63.05,59.11,19.78,2.8
07-May-2019 - 00:00,107.68,286.53,106.48,111.95,134.97,82.07,17.85,2.95
08-May-2019 - 00:00,110.08,312,114.32,137.32,79.49,88.07,18.29,2.96
09-May-2019 - 00:00,112.89,319.19,25.3,107.64,37.03,45.69,21.15,2.24
10-May-2019 - 00:00,76.03,268.99,17.69,86.96,60.25,37.06,13.01,1.88
11-May-2019 - 00:00,103.48,257.11,19.85,98.62,68.11,45.11,20.27,2.12
12-May-2019 - 00:00,143.6,398.06,27.35,106.96,78.91,52.51,14.55,2.42
13-May-2019 - 00:00,186.24,328.49,37.72,116.51,92.39,55.96,32.45,2.83
14-May-2019 - 00:00,60.53,124.85,27.86,89.51,70.06,49.3,9.35,2.36
15-May-2019 - 00:00,97.52,203.42,64.65,87.75,99.17,60.64,15.24,3.21
16-May-2019 - 00:00,74.51,209.28,42.52,71.93,72.73,48.24,10.04,2.72
17-May-2019 - 00:00,68.38,317.61,40.77,77.82,74.44,48.42,7.42,2.56
18-May-2019 - 00:00,42.94,91.79,14.15,60.04,42.98,34.37,5.13,2.02
19-May-2019 - 00:00,81.52,143.76,22.89,82.85,62.52,44.14,11.31,2.33
20-May-2019 - 00:00,92.45,186.9,39.2,95.51,82.45,52.54,15.04,2.58
21-May-2019 - 00:00,80.83,157.58,23.91,86.03,65.05,45.31,16.59,2.26
22-May-2019 - 00:00,62.8,148.09,40.78,78.22,74.67,48.85,10.6,2.63
23-May-2019 - 00:00,90.56,172.91,27.37,89.8,54.27,41.86,17.05,2.79
24-May-2019 - 00:00,44.88,107.6,8.73,76.24,36.32,31.91,4.69,2.36
25-May-2019 - 00:00,41.7,94.2,34.87,69.64,46.44,44.29,7.64,2.11
26-May-2019 - 00:00,57.46,114.78,3.89,76.25,27.07,30.85,16.17,2.34
27-May-2019 - 00:00,68.21,150.25,135.9,92.44,137.33,72.93,16.98,2.89
28-May-2019 - 00:00,66.71,146.19,113.9,113.75,141.92,135.05,20.25,2.78
29-May-2019 - 00:00,73.38,157.79,31.16,126.53,166.58,87.14,23.21,3.09
30-May-2019 - 00:00,78.26,181.14,201.16,114.55,200.79,89.11,18.43,3.56
31-May-2019 - 00:00,82.77,286.1,14.89,129.24,40.34,169.21,19.47,3.54
01-Jun-2019 - 00:00,99.86,241.79,98.11,87.99,120.31,71.34,14.62,3.63
02-Jun-2019 - 00:00,80.74,187.66,123.63,88.4,135.27,71.37,5.18,2.95
03-Jun-2019 - 00:00,62.93,235.45,208.03,98.72,238.28,110.76,6.54,2.97
04-Jun-2019 - 00:00,61.57,145.36,237.32,105.08,215.7,108.19,10.02,3.14
05-Jun-2019 - 00:00,79.42,179.66,126.81,79.49,130.87,80.17,9.21,3.21
06-Jun-2019 - 00:00,76.68,177.65,163.35,118.64,187.33,123,15.74,2.97
07-Jun-2019 - 00:00,64.33,132.77,214.36,103.49,224.86,117,14.7,3.02
08-Jun-2019 - 00:00,86.44,167.46,66.28,96.02,156.53,168.14,8.55,3.73
09-Jun-2019 - 00:00,113.91,204.36,104.61,88.14,88.81,69.34,21.42,4.45
10-Jun-2019 - 00:00,82.02,172.75,127.81,92.7,133.96,113.29,14.13,4.01
11-Jun-2019 - 00:00,118.89,431.33,145.07,100.3,177.23,138.51,10.34,3.37
12-Jun-2019 - 00:00,62.03,194.19,194.61,103.43,192.58,141.41,10.3,2.93
13-Jun-2019 - 00:00,54.94,147.99,36.35,68.2,53.02,66.86,9.65,2.68
14-Jun-2019 - 00:00,50.91,149.66,24.76,35.61,35.3,25.33,9.67,2.64
15-Jun-2019 - 00:00,70.01,212.65,37.84,23.5,39.92,25.07,15.24,2.73
16-Jun-2019 - 00:00,32.44,113.51,36.26,7.9,25.98,14.16,5.54,2.17
17-Jun-2019 - 00:00,32.92,104.6,36.86,8.65,27.41,14.83,7.54,2.24
18-Jun-2019 - 00:00,27.64,69.35,40.72,9.63,32.78,17.93,3.65,2.47
19-Jun-2019 - 00:00,96.88,211.46,45.7,10.34,37.92,21.41,7.23,2.67
20-Jun-2019 - 00:00,44.62,118.26,41.49,12.06,34.19,19.42,5.77,2.49
21-Jun-2019 - 00:00,74.91,165.31,35.48,22.25,38.69,22.15,9.09,2.77
22-Jun-2019 - 00:00,64.12,136.45,12.61,30.29,24.97,23.6,13.27,2.5
23-Jun-2019 - 00:00,40.55,92.05,11.89,31.04,25.08,23.05,4.03,2.35
24-Jun-2019 - 00:00,27.39,65.33,14.3,30.94,27.04,24.9,3.6,2.42
25-Jun-2019 - 00:00,55.1,105.26,13.5,28.91,25.5,23.27,1.92,1.91
26-Jun-2019 - 00:00,69.06,125.53,14.91,26.94,25.29,23.05,3.82,1.43
27-Jun-2019 - 00:00,73.32,172.9,18.44,25.61,27.55,26.07,8.62,1.43
28-Jun-2019 - 00:00,53.73,166.48,20.24,24.59,29.35,27.26,7.9,1.35
29-Jun-2019 - 00:00,49.2,195.08,15.2,19.42,22.56,19.85,5.79,1.37
30-Jun-2019 - 00:00,60.61,211.59,21.43,23.7,29.95,24.99,7.08,1.44
01-Jul-2019 - 00:00,56.31,150.78,14.18,24.42,24.43,23.25,7.85,1.35
02-Jul-2019 - 00:00,75.7,191.11,12.1,21.49,21.01,22.8,7.34,1.36
03-Jul-2019 - 00:00,39.91,75.95,22.82,43.08,41.14,19.05,1.7,1.49
04-Jul-2019 - 00:00,47.3,82.98,27.18,37,41.36,16.73,1.53,1.5
05-Jul-2019 - 00:00,56.99,89.47,27.92,37.58,42.35,17.19,1.38,1.53
06-Jul-2019 - 00:00,37.91,67.48,31.11,31.36,41.93,16.4,1.41,1.43
07-Jul-2019 - 00:00,45.2,78.91,None,None,None,None,1.53,1.39
08-Jul-2019 - 00:00,53.71,112.22,21.3,46.6,41.99,16.57,1.4,1.44
09-Jul-2019 - 00:00,37.48,81,19.33,49.98,36.43,18.91,2.21,1.3
10-Jul-2019 - 00:00,65.27,197.09,21.18,76.39,48.17,26.59,3.11,1.33
11-Jul-2019 - 00:00,60.15,226.55,17.7,123.57,67.65,33.73,2.93,1.23
12-Jul-2019 - 00:00,57.92,252.47,18.14,66.76,45.3,23.02,2.94,1.79
13-Jul-2019 - 00:00,53.91,224.02,10.38,23.64,19.2,12.43,2.56,2.06
14-Jul-2019 - 00:00,51.55,215.22,10.84,23.09,19.71,11.82,2.75,2.08
15-Jul-2019 - 00:00,31.97,78.78,15.71,25.61,25.42,13.26,3.25,2.38
16-Jul-2019 - 00:00,32.4,79.76,12.2,27.65,22.66,12.48,3.08,2.23
17-Jul-2019 - 00:00,40.59,78.9,10.98,20.88,18.43,8.21,3.04,1.5
18-Jul-2019 - 00:00,35.15,71.99,14.86,28.91,25.58,9.39,2.99,0.86
19-Jul-2019 - 00:00,60.74,135.49,21.79,33.9,34.64,11.93,3.45,1.17
20-Jul-2019 - 00:00,51.89,110.04,12.63,29.2,24.42,8.63,2.91,0.9
21-Jul-2019 - 00:00,55.26,113.6,13.39,27.76,24.52,8.94,2.8,0.74
22-Jul-2019 - 00:00,58.35,121.98,24.97,34.21,37.91,12.2,3.2,1.36
23-Jul-2019 - 00:00,82.73,172.89,21.56,35.42,35.68,21.08,3.21,1
24-Jul-2019 - 00:00,73.58,129.53,18.28,30.78,29.59,18.46,3.08,0.87
25-Jul-2019 - 00:00,27.42,43.35,11.93,21.85,18.75,15.08,2.59,0.34
26-Jul-2019 - 00:00,36.93,51.4,11.9,24.06,20.05,13.63,2.89,0.49
27-Jul-2019 - 00:00,28.4,43.29,12.09,17.96,18.31,9.61,2.57,0.48
28-Jul-2019 - 00:00,20.59,49.43,11.71,14.81,16.22,12.41,2.44,0.38
29-Jul-2019 - 00:00,24.01,53.32,11.94,19.2,18.19,15.94,2.65,0.44
30-Jul-2019 - 00:00,31.97,65.71,10.77,17.66,16.42,10.23,2.73,0.45
31-Jul-2019 - 00:00,30.69,62.42,8.74,15.02,12.93,4.94,2.99,0.54
01-Aug-2019 - 00:00,41.03,70.64,8,16.58,12.67,5.12,2.85,0.51
02-Aug-2019 - 00:00,44.89,67.91,7.69,15.9,12.02,4.96,2.86,0.46
03-Aug-2019 - 00:00,44.08,63.99,7.45,14.95,11.25,4.48,2.58,0.42
04-Aug-2019 - 00:00,57.39,81.59,7.82,14.5,11.63,4.57,3.21,0.4
05-Aug-2019 - 00:00,61.05,76.3,7.48,17.08,11.88,5.07,3.05,0.48
06-Aug-2019 - 00:00,42.37,68.81,7.52,16.59,12.02,4.89,2.84,0.46
07-Aug-2019 - 00:00,42.68,78.15,7.12,14.48,11.09,4.38,3.15,0.48
08-Aug-2019 - 00:00,30.09,64,7.78,14.73,11.48,4.68,3.02,0.34
09-Aug-2019 - 00:00,18.64,48.3,7.48,16.12,11.75,4.91,2.41,0.19
10-Aug-2019 - 00:00,21.53,40.85,6.76,13.19,10.59,4.07,2.78,0.23
11-Aug-2019 - 00:00,28.42,51.28,7.13,13.57,10.77,4.31,2.7,0.13
12-Aug-2019 - 00:00,23.5,38.51,7.3,14.3,11.1,4.51,2.54,0.15
13-Aug-2019 - 00:00,25.05,45.84,8.38,15.53,12.53,4.92,2.66,0.69
14-Aug-2019 - 00:00,41.99,66.05,8.69,20.56,14.03,6.01,3.08,1
15-Aug-2019 - 00:00,30.93,51.57,7.64,15.31,11.43,4.96,2.78,0.68
16-Aug-2019 - 00:00,19.88,37.82,8.69,14.97,12.54,5,2.69,0.75
17-Aug-2019 - 00:00,12.06,21.96,9.06,18.67,13.68,5.94,2.44,0.62
18-Aug-2019 - 00:00,22.14,49.62,8.68,12.11,10.73,4.77,1.98,0.8
19-Aug-2019 - 00:00,49.84,81.9,9.95,18.33,14.09,6.13,2.18,1.08
20-Aug-2019 - 00:00,52.54,86.3,9.68,16.99,13.29,5.99,2.11,0.95
21-Aug-2019 - 00:00,51.93,96.86,8.64,15,11.89,5.39,1.88,0.83
22-Aug-2019 - 00:00,50.31,98.28,9.62,16.01,13.31,5.8,2.26,1.01
23-Aug-2019 - 00:00,55.89,118.18,8.59,12.06,10.91,4.75,2.03,0.85
24-Aug-2019 - 00:00,56.76,97.32,7.11,10.24,8.63,4.23,None,0.93
25-Aug-2019 - 00:00,35.46,58.69,7.47,13.38,10.53,4.66,None,None
26-Aug-2019 - 00:00,28.79,57.82,9.07,16.68,12.59,5.81,2.39,1.46
27-Aug-2019 - 00:00,46.64,84.05,8.43,12.75,11.12,4.73,2.52,1.08
28-Aug-2019 - 00:00,46.89,77.5,9.2,12.51,11.33,4.89,2.4,0.91
29-Aug-2019 - 00:00,40.19,69.48,8.82,13.58,11.31,4.83,2.15,0.81
30-Aug-2019 - 00:00,42.09,76.04,8.22,15.12,11.24,5.15,2.29,0.75
31-Aug-2019 - 00:00,41.5,80,7.65,17.53,11.84,6.05,2.02,0.96
01-Sep-2019 - 00:00,None,None,None,None,None,None,None,None
02-Sep-2019 - 00:00,63.68,100.75,7.8,13.38,10.49,4.99,2.13,0.82
03-Sep-2019 - 00:00,64.39,101.4,7.6,12.01,9.87,4.49,2.1,0.82
04-Sep-2019 - 00:00,64.46,96.8,7.37,13.35,10.26,4.85,2.18,0.94
05-Sep-2019 - 00:00,36.65,55.46,7.72,11.72,9.97,4.45,2.16,0.78
06-Sep-2019 - 00:00,39.26,56.79,7.65,13.72,10.97,4.98,1.73,0.72
07-Sep-2019 - 00:00,36.97,62.26,7.71,13.13,10.6,4.79,2.29,0.76
08-Sep-2019 - 00:00,39.76,66.32,7.09,13.81,10.16,4.71,1.89,0.55
09-Sep-2019 - 00:00,59.99,97.33,7.3,14.62,10.29,5.02,2.08,0.71
10-Sep-2019 - 00:00,70.89,113.15,7.5,13.38,10.35,4.71,2.57,0.88
11-Sep-2019 - 00:00,80.34,134.52,7.79,12.43,10.46,4.58,2.48,1.01
12-Sep-2019 - 00:00,62.98,88.29,7.83,14.65,11.31,5.13,2.22,0.89
13-Sep-2019 - 00:00,35.07,47.92,8.25,18.77,13.87,4.78,2.01,0.72
14-Sep-2019 - 00:00,31.15,39.2,8.19,31.83,20.21,4.65,1.86,0.57
15-Sep-2019 - 00:00,42.4,52.98,9.56,32.05,21.61,4.89,2.06,0.68
16-Sep-2019 - 00:00,57.95,70.56,7.97,34.97,20.99,5.14,2.31,0.84
17-Sep-2019 - 00:00,63.24,97.49,7.92,33.22,20.59,4.73,3.24,0.8
18-Sep-2019 - 00:00,40.52,74.14,8.31,36.32,21.2,5.37,3.27,0.73
19-Sep-2019 - 00:00,24.05,45.55,8.69,34.65,21.76,5.11,3.6,0.7
20-Sep-2019 - 00:00,40.19,73.48,8.13,34.14,21.27,5.02,4.28,0.83
21-Sep-2019 - 00:00,42.44,76.6,10.5,26.79,20.69,4.63,2.58,0.75
22-Sep-2019 - 00:00,30.46,61.96,15.04,18.79,21.72,4.25,2.59,0.66
23-Sep-2019 - 00:00,32.64,61.5,16.31,19,22.55,4.63,2.02,0.71
24-Sep-2019 - 00:00,45.96,88.47,13.81,23.79,21.93,5.12,2.52,0.81
25-Sep-2019 - 00:00,38.25,75.95,12.6,26.05,21.9,5.44,2.18,0.71
26-Sep-2019 - 00:00,23.27,47.85,14.7,19.63,21.41,6.49,3.06,0.66
27-Sep-2019 - 00:00,16.4,34.09,13.84,23.76,22.19,10.06,3.57,0.6
28-Sep-2019 - 00:00,23.9,46.52,11.52,25.98,21.09,10.16,8.48,0.55
29-Sep-2019 - 00:00,19.61,38,11.09,25.74,20.39,10.14,6.57,0.52
30-Sep-2019 - 00:00,35.46,65.09,13.87,23.51,22.43,10.02,5.36,0.79
01-Oct-2019 - 00:00,34.81,64.23,14.87,20.38,22.18,9.63,4.18,0.78
02-Oct-2019 - 00:00,43.94,76.43,14.18,22.15,22.24,9.7,4.62,0.73
03-Oct-2019 - 00:00,61.04,102.58,15.99,22.2,24.14,10.3,4.74,1.21
04-Oct-2019 - 00:00,48.17,79.56,13.73,21.63,21.73,9.78,3.89,0.6
05-Oct-2019 - 00:00,41.66,82.5,12.01,25.33,21.3,10,6.47,0.74
06-Oct-2019 - 00:00,57.97,106.36,10.43,26.24,20.06,9.76,8.23,0.53
07-Oct-2019 - 00:00,54.24,105.01,13.74,20.09,21.15,8.89,4.84,0.52
08-Oct-2019 - 00:00,46.55,87.15,11.64,25.63,21.09,9.65,7.48,0.61
09-Oct-2019 - 00:00,74.77,136.42,14.76,21.83,22.9,9.54,9.51,1.41
10-Oct-2019 - 00:00,97.09,154.19,14.89,22.89,23.16,9.75,10.79,1.2
11-Oct-2019 - 00:00,82.3,128.46,14.99,22.6,23.66,10.04,9.37,1.36
12-Oct-2019 - 00:00,106.2,159.8,13.92,23.66,23.1,9.86,9.29,1.39
13-Oct-2019 - 00:00,131.35,182.61,13.17,26.87,23.28,10.22,10.75,1.56
14-Oct-2019 - 00:00,114.84,165.57,12.08,27.16,22.65,10.24,9.59,1.57
15-Oct-2019 - 00:00,132.3,201.21,14.68,26.63,25.14,10.68,11.91,2.43
16-Oct-2019 - 00:00,138.71,183.43,15.82,24.48,24.59,10.08,9.08,1.97
17-Oct-2019 - 00:00,109.93,142.73,14.14,25.17,23.7,9.92,11,1.1
18-Oct-2019 - 00:00,81.56,121.15,14.03,24.45,23.18,9.89,8.36,0.44
19-Oct-2019 - 00:00,83.22,123.67,11.91,25.03,21.67,9.62,7.97,0.49
20-Oct-2019 - 00:00,93.33,137.37,12.62,25.27,22.59,9.6,9.33,0.45
21-Oct-2019 - 00:00,109.07,151.49,13.52,22.26,21.42,9.22,9.69,0.4
22-Oct-2019 - 00:00,73.47,114.68,21.26,12.21,23.4,8.12,7.15,0.45
23-Oct-2019 - 00:00,115.96,179.13,23.65,11.72,25.16,8.71,9.86,0.94
24-Oct-2019 - 00:00,174.3,257.42,23.85,12.13,25.55,9.13,14.2,1.45
25-Oct-2019 - 00:00,127.73,200.64,23.95,10.47,24.9,8.64,12.03,0.94
26-Oct-2019 - 00:00,147.39,205.05,22.47,14.54,25.31,9.22,9.65,0.95
27-Oct-2019 - 00:00,206.32,254.63,22.77,13.26,24.77,9.01,8.13,0.66
28-Oct-2019 - 00:00,294.93,320.28,23.58,9.45,23.79,8.28,13.82,0.79
29-Oct-2019 - 00:00,277.88,344.29,24.8,10.19,24.95,8.83,6.88,1.06
30-Oct-2019 - 00:00,276.12,332.81,32.93,17.4,35.39,16.76,7.16,1.07
31-Oct-2019 - 00:00,321.46,401.73,41.48,27.84,51.35,27.55,9.26,1.32
01-Nov-2019 - 00:00,379.64,477.94,None,None,None,None,7.42,1.1
02-Nov-2019 - 00:00,415.62,505.61,None,None,None,None,5.14,0.83
03-Nov-2019 - 00:00,514.36,555.79,None,None,None,None,3.18,0.89
04-Nov-2019 - 00:00,294.14,333.68,None,None,None,None,5.81,0.57
05-Nov-2019 - 00:00,213.25,243.44,48.29,50.34,66.04,32.38,8.54,0.49
06-Nov-2019 - 00:00,100.72,137.83,50.62,25.91,54.94,30.48,7.29,0.58
07-Nov-2019 - 00:00,204.47,256.85,43.78,19.31,45.86,26.65,7.69,0.67
08-Nov-2019 - 00:00,156.25,211.75,46.88,17.81,47.59,27.11,10.94,0.65
09-Nov-2019 - 00:00,140.15,189.83,37,17.3,39.28,20.8,9.96,0.31
10-Nov-2019 - 00:00,206.36,262.09,36.92,18.52,39.86,21.01,14.57,0.48
11-Nov-2019 - 00:00,269.74,341.45,47.81,21.73,50.42,25.17,14.39,0.67
12-Nov-2019 - 00:00,388.7,462.77,67.36,24.76,67.93,32.23,11.3,1.02
13-Nov-2019 - 00:00,395.21,467.22,63.92,30.26,68.06,32.37,11.65,1.43
14-Nov-2019 - 00:00,394.99,459.74,73.75,35.21,78.69,36.9,12.28,2.19
15-Nov-2019 - 00:00,361.86,425.92,44,22.44,47.71,24.41,10.31,1.3
16-Nov-2019 - 00:00,161.77,224.74,31.51,32.44,42.87,13.81,9.8,0.58
17-Nov-2019 - 00:00,97.28,130.64,45.91,52.69,65.33,12.6,5.33,0.52
18-Nov-2019 - 00:00,104.6,139.75,46.27,51.08,64.78,11.02,4.58,0.88
19-Nov-2019 - 00:00,125.28,173.44,56.22,62.1,78.74,13.36,6.11,1.19
20-Nov-2019 - 00:00,172.46,231.29,102.51,89,130.68,19.93,8.14,2.7
21-Nov-2019 - 00:00,238.67,302.75,121.73,105.75,155.22,25.27,13.01,3.24
22-Nov-2019 - 00:00,190.07,244.52,74.31,79.07,102.47,16.48,11.03,1.96
23-Nov-2019 - 00:00,123.33,152.93,44.92,58.46,67.51,12.72,6.8,0.85
24-Nov-2019 - 00:00,103.6,130.48,40.53,53.29,61.29,11.22,6.8,0.66
25-Nov-2019 - 00:00,125.11,158.55,69.59,73.62,95.74,15.35,8.59,1.55
26-Nov-2019 - 00:00,106.76,150.33,64.52,70.46,89.93,16.09,10.17,1.22
27-Nov-2019 - 00:00,72.99,109.99,52.27,56.97,72.8,13.02,1.9,0.83
28-Nov-2019 - 00:00,32.48,48.14,42.24,46.84,59.22,10.89,1.52,0.48
29-Nov-2019 - 00:00,57.18,82.79,48.11,53.13,67.37,12.55,1.83,0.68
30-Nov-2019 - 00:00,106.96,140.35,47.03,53.77,66.84,11.59,1.5,0.93
01-Dec-2019 - 00:00,121.54,156.18,52.16,58.66,73.7,12.78,1.75,0.97
02-Dec-2019 - 00:00,136.84,180.52,58.12,63.04,80.79,14.07,1.88,1.23
03-Dec-2019 - 00:00,142.5,189.55,62.59,66.39,86.2,14.79,4.13,1.46
04-Dec-2019 - 00:00,169.28,231.1,79.4,78.93,106.54,18.17,6.56,2.04
05-Dec-2019 - 00:00,275.94,344.15,120.85,106.13,154.71,24.72,7.29,3.67
06-Dec-2019 - 00:00,231.88,285.31,72.19,72.02,97,17.19,7.46,1.98
07-Dec-2019 - 00:00,210.55,265.02,119.12,90.91,145.2,22.97,8.03,3.33
08-Dec-2019 - 00:00,203.03,251.51,107.12,88.54,134.19,23.59,6.75,3.28
09-Dec-2019 - 00:00,167.85,225.57,99.97,87.42,127.78,20.85,6.25,2.71
10-Dec-2019 - 00:00,207.34,279.11,118.51,96.45,147.65,24.36,6.52,3.64
11-Dec-2019 - 00:00,264.06,337.86,152.77,114.08,184.89,30.71,8.56,4.5
12-Dec-2019 - 00:00,258.75,304.67,68.44,74.39,95.21,18.5,8.14,2.11
13-Dec-2019 - 00:00,85.48,96.89,42.59,48.73,60.55,11.71,2.21,0.8
14-Dec-2019 - 00:00,83.44,101.89,50.57,51.91,68.81,12.05,3.6,0.96
15-Dec-2019 - 00:00,92.39,110,40.39,44.38,56.45,10.61,3.03,0.52
16-Dec-2019 - 00:00,79.33,97.32,30.46,34.8,43.27,8.78,1.63,0.3
17-Dec-2019 - 00:00,92.2,114.24,37.73,36.3,49.94,10.06,1.88,0.54
18-Dec-2019 - 00:00,149,177.15,38.15,41.05,52.85,10.52,2.43,0.78
19-Dec-2019 - 00:00,244.16,318.04,64.63,53.85,81.19,14,4.07,1.48
20-Dec-2019 - 00:00,305.06,373.53,47.38,50.28,65.27,12.65,3.56,0.97
21-Dec-2019 - 00:00,258.22,299.49,39.74,44.12,55.78,11.94,3.31,None
22-Dec-2019 - 00:00,170.2,198.9,29.81,34.53,42.6,9.85,2.18,None
23-Dec-2019 - 00:00,198.09,232.82,33.81,34.21,45.68,12.52,2.45,None
24-Dec-2019 - 00:00,260.79,329.72,38.2,40.69,52.7,12.85,3.77,1.98
25-Dec-2019 - 00:00,151.52,204.15,27.25,32,39.17,8.72,2.72,0.89
26-Dec-2019 - 00:00,189.05,246.97,27.1,34.28,40.27,8.65,2.45,1.01
27-Dec-2019 - 00:00,234.39,304.88,32.72,39.86,47.8,9.52,3.09,1.26
28-Dec-2019 - 00:00,271.84,373.24,56.89,45.65,70.53,12.64,5.82,2.12
29-Dec-2019 - 00:00,321.26,435.83,39.45,46.79,56.97,10.99,8.42,2.02
30-Dec-2019 - 00:00,303.08,396.99,57.68,44.82,70.73,13.58,7.58,2.43
01-Jan-2020 - 00:00,399.66,458.44,85.62,43.94,92.98,27.67,11.44,4.31
02-Jan-2020 - 00:00,453.82,492.06,90.48,50.56,100.45,33.98,12.02,4.46
03-Jan-2020 - 00:00,199.48,220.53,94.55,64.72,111.29,20.03,7.21,3.19
04-Jan-2020 - 00:00,224.25,255.95,82.9,65.8,102.4,18.42,5.87,2.92
05-Jan-2020 - 00:00,149.41,172.66,37.06,45.11,54.12,10.15,5.38,1.32
06-Jan-2020 - 00:00,140.26,173.71,40.17,48.59,58.5,11.15,5.99,1.44
07-Jan-2020 - 00:00,121.71,151.52,55.42,51.15,72.27,13.31,6.16,1.75
08-Jan-2020 - 00:00,114.65,128.16,42.75,40.95,56.54,11.23,3.37,1.37
09-Jan-2020 - 00:00,83.89,102.18,28.62,33.96,41.33,8.44,4.68,0.92
10-Jan-2020 - 00:00,116.69,150.28,34.61,28.53,43.31,20.69,11.64,1.42
11-Jan-2020 - 00:00,138.03,183.82,54.02,21.14,55.16,40.71,18.9,2.01
12-Jan-2020 - 00:00,208.81,274.21,85.97,19.03,79.98,56.76,17.95,2.99
13-Jan-2020 - 00:00,232.03,298.42,88.87,22.21,83.72,55.95,14.94,2.86
14-Jan-2020 - 00:00,142.44,172.19,41.27,17.74,42.91,29.43,11.43,1.22
15-Jan-2020 - 00:00,123.21,158.59,42.06,21.54,45.59,30.54,14.31,1.21
16-Jan-2020 - 00:00,132.7,160.05,47.41,19.22,48.65,32.27,13.09,1.34
17-Jan-2020 - 00:00,97.86,123.81,46.7,16.83,46.86,30.83,9.75,1.39
18-Jan-2020 - 00:00,128.3,172.62,52.39,19.49,52.84,34.51,10.72,1.57
19-Jan-2020 - 00:00,119.79,152.58,31.14,16.01,33.8,23.32,7.47,1.06
20-Jan-2020 - 00:00,146.69,198.69,48.33,15.9,47.64,30.42,9.16,1.81
21-Jan-2020 - 00:00,192.91,267.96,83.05,17.82,76.49,49.01,14.16,2.64
22-Jan-2020 - 00:00,212.34,282.35,58.55,20.39,58.33,40.02,12.03,2.18
23-Jan-2020 - 00:00,72.69,108.86,33.93,18.48,37.4,25.39,10.29,0.85
24-Jan-2020 - 00:00,93.92,132.9,41.93,20.37,44.9,29.13,14.57,1.13
25-Jan-2020 - 00:00,138.84,197.34,69.08,23.8,68.79,42.98,16.03,1.98
26-Jan-2020 - 00:00,162.05,228.17,95.07,17.24,86.38,54.26,17.27,2.7
27-Jan-2020 - 00:00,172.16,260.19,100.64,27.1,96.1,60.54,23.92,2.99
28-Jan-2020 - 00:00,101.64,161.88,56.81,22.67,58.08,38.23,13.02,1.56
29-Jan-2020 - 00:00,74.18,135.93,54.2,20.29,54.75,36.13,10.75,1.36
30-Jan-2020 - 00:00,83.14,134.98,44.74,22.14,48.03,31.56,9.77,1.13
31-Jan-2020 - 00:00,90.17,130.75,50.07,22.5,52.61,34.15,10.64,1.4
01-Feb-2020 - 00:00,98.79,145.36,65.07,20.99,63.92,40.94,11.11,1.67
02-Feb-2020 - 00:00,116.28,159.56,52.97,23.3,55.42,35.58,11.33,1.58
03-Feb-2020 - 00:00,130.61,192.86,86.94,24.34,83.61,51.42,13.98,2.56
04-Feb-2020 - 00:00,194.51,282.49,129.74,30.77,121.54,74.58,25.01,3.72
05-Feb-2020 - 00:00,138.31,191.47,59.16,23.65,60.65,38.23,18.24,1.65
06-Feb-2020 - 00:00,117.72,154.9,54.67,24.47,57.44,36.23,13.55,1.75
07-Feb-2020 - 00:00,152.96,206.72,79.13,24.3,77.12,48.21,21.15,2.15
08-Feb-2020 - 00:00,144.03,185.8,44.44,24.59,49.19,31.96,17.54,1.52
09-Feb-2020 - 00:00,130.96,172.57,53.44,27.51,58.08,36.42,21.57,1.8
10-Feb-2020 - 00:00,110.13,175.87,84.27,25.67,82.15,50.53,18.25,2.78
11-Feb-2020 - 00:00,153.85,229.69,104.94,24.65,98.34,60.45,19.85,3.24
12-Feb-2020 - 00:00,153.92,204.78,53.2,25.46,56.78,36.76,21.8,1.89
13-Feb-2020 - 00:00,79.56,122.09,42.4,20.86,45.56,29.97,26.78,1.3
14-Feb-2020 - 00:00,62.77,111.53,46.23,20.71,48.55,32.1,21.66,1.19
15-Feb-2020 - 00:00,71.05,119.79,50.27,26.45,54.92,35.43,29.61,1.39
16-Feb-2020 - 00:00,114.66,166.83,74.12,29.74,76.08,46.57,27.36,2.18
17-Feb-2020 - 00:00,142.55,202.99,79.87,30.05,80.91,51.09,28.14,2.34
18-Feb-2020 - 00:00,118.02,177.98,79.77,31.09,81.37,49.86,37.13,3.5
19-Feb-2020 - 00:00,136.39,212.71,137.95,33.88,129.98,80.45,29.13,5.13
20-Feb-2020 - 00:00,133.53,187.9,64.05,32.99,69.48,44.44,18.6,1.33
21-Feb-2020 - 00:00,79.42,99.37,52.12,22.26,54.16,35.12,13.27,0.74
22-Feb-2020 - 00:00,139.53,181.1,77.33,23.98,75.49,46.74,19.64,1.67
23-Feb-2020 - 00:00,206.67,246.04,63.86,24.19,64.72,42.17,18.22,0.96
24-Feb-2020 - 00:00,147.03,191.12,62.67,27.87,65.69,41.91,19.58,0.81
25-Feb-2020 - 00:00,190.02,255.58,67,27.68,69.19,43.25,22.27,1.1
26-Feb-2020 - 00:00,157.88,232.62,87.54,28.12,86.11,53.71,19.37,1.54
27-Feb-2020 - 00:00,146.87,229.78,77.27,29.73,78.46,49.56,12.3,1.03
28-Feb-2020 - 00:00,94.05,127.35,72.45,30.61,74.93,47.78,9.4,0.87
29-Feb-2020 - 00:00,70.19,97.11,75.08,28.71,76.15,48.64,10.66,0.97
01-Mar-2020 - 00:00,56.75,96.3,89.81,28.74,88.22,54.2,12,1.46
02-Mar-2020 - 00:00,126.76,180.55,125.4,28.52,116.9,71.76,17.39,2.67
03-Mar-2020 - 00:00,107.57,147.45,94.3,29.23,92.17,57.94,14.76,1.28
04-Mar-2020 - 00:00,107.18,169.55,108.63,32.43,105.37,65.21,19.62,1.48
05-Mar-2020 - 00:00,38.52,67.36,75.21,28.6,76.17,48.73,10.42,0.68
06-Mar-2020 - 00:00,26.1,40.94,64.87,25.75,66.23,42.7,6.51,0.56
07-Mar-2020 - 00:00,59.15,89.47,68.54,25.06,68.71,43.25,6.57,0.85
08-Mar-2020 - 00:00,77.26,108.67,77.31,21.38,73.84,47.05,8.83,0.85
09-Mar-2020 - 00:00,52.13,89.83,59.53,22.34,60.23,38.81,10.46,0.45
10-Mar-2020 - 00:00,83.58,127.35,61.91,26.49,64.39,41.15,19.15,0.55
11-Mar-2020 - 00:00,76.73,112.92,73.4,28.79,74.8,47.87,13.16,0.59
12-Mar-2020 - 00:00,90.95,142.94,93.48,24.27,88.53,55.51,13.5,1.1
13-Mar-2020 - 00:00,57.43,117.34,71.66,35.19,76.94,42.53,13.7,0.55
14-Mar-2020 - 00:00,56.89,84.69,50.13,44.23,64.29,28.28,7.5,0.39
15-Mar-2020 - 00:00,62.97,95.97,53.88,46.55,68.56,29.53,14.2,0.43
16-Mar-2020 - 00:00,56.97,103.56,49.45,47.54,65.49,28.51,13.64,0.81
17-Mar-2020 - 00:00,66.43,108.84,50.98,48.92,67.47,29.27,15.44,0.85
18-Mar-2020 - 00:00,71.49,118.22,57.22,52.86,74.63,31.86,15.85,1.56
19-Mar-2020 - 00:00,110.2,165.61,58.34,51.1,74.61,32.14,19.14,2.36
20-Mar-2020 - 00:00,124.56,178.14,67.57,63.97,88.97,37,28.21,3.45
21-Mar-2020 - 00:00,104.13,144.22,60.44,51.67,76.62,32.72,21.05,2.28
22-Mar-2020 - 00:00,82.95,100.99,54.79,43.83,67.86,30.42,18.74,0.82
23-Mar-2020 - 00:00,94.06,109.74,47.83,39.51,59.9,26.47,17.56,0.68
24-Mar-2020 - 00:00,94,110,42.69,37.43,54.62,24.16,17.74,0.91
25-Mar-2020 - 00:00,88.89,103.28,40.86,30.63,49.51,22.38,10.31,1.49
26-Mar-2020 - 00:00,51,61.87,44.26,30.43,52.17,24.35,12.94,1
27-Mar-2020 - 00:00,57.9,72.54,46.8,33.58,55.91,25.56,7.21,0.84
28-Mar-2020 - 00:00,60.48,68.76,44.28,30.88,52.42,23.91,8.2,0.8
29-Mar-2020 - 00:00,59.38,66.25,37.26,21.96,45.11,17.16,5.33,0.55
30-Mar-2020 - 00:00,53.58,66.31,33.37,17.59,42.34,12.57,9.71,0.71
31-Mar-2020 - 00:00,46.62,53.51,33.81,17.87,43.01,12.78,11.31,0.68
01-Apr-2020 - 00:00,51.23,68.08,28.71,15.91,36.37,10.86,11.9,0.78
02-Apr-2020 - 00:00,53.18,56.29,27.51,14.51,34.03,10.26,9.28,0.64
03-Apr-2020 - 00:00,47.08,31.55,31.83,16.67,40.07,12.02,10.34,0.82
04-Apr-2020 - 00:00,44.73,56.11,32.59,19.4,43.06,12.57,10.33,1.26
05-Apr-2020 - 00:00,49.93,79.59,29.22,17.92,38.5,11.27,18.51,1.64
06-Apr-2020 - 00:00,44.31,94.64,30.31,17.38,39.13,11.48,16.15,1.66
07-Apr-2020 - 00:00,35.95,63.08,33.31,17.48,42.19,12.5,14.9,1.03
08-Apr-2020 - 00:00,27.5,58.14,33.56,17.31,42.29,12.5,10.98,1.11
09-Apr-2020 - 00:00,38.93,59.91,32.99,18.53,42.73,12.3,16.46,1.54
10-Apr-2020 - 00:00,64.22,81.39,35.13,22.06,47.8,13.27,16.07,2.17
11-Apr-2020 - 00:00,70.76,99.61,36.25,20.85,47.85,13.58,20.35,2.39
12-Apr-2020 - 00:00,48.64,67.21,35.7,19,45.8,13.15,16.18,1.73
13-Apr-2020 - 00:00,79.7,101.9,31.6,19.39,42.1,12.08,26.18,2.34
14-Apr-2020 - 00:00,76.43,88.89,32.5,22.83,45.75,12.61,17.71,2.77
15-Apr-2020 - 00:00,127.17,120.47,36.49,22.48,49.33,13.76,16.46,2.97
16-Apr-2020 - 00:00,143.85,109.96,37.1,21.98,49.6,14.21,24.86,3.01
17-Apr-2020 - 00:00,55.53,63.1,32.74,17.67,41.78,12.03,14.85,2.15
18-Apr-2020 - 00:00,98.54,108.19,31.02,17.19,39.68,11.44,10.19,2.26
19-Apr-2020 - 00:00,144.88,142.36,31.41,18.36,41.02,11.75,10.19,2.49
20-Apr-2020 - 00:00,133.92,140.46,34.56,20.5,46.06,12.9,9.12,3.32
21-Apr-2020 - 00:00,124.56,143.29,31.44,18.34,41.04,11.69,12.55,2.7
22-Apr-2020 - 00:00,124.96,149.82,33.55,21.21,45.47,12.58,18.1,3.47
23-Apr-2020 - 00:00,126.46,153.01,32.75,21.95,45.27,12.53,17.31,3.48
24-Apr-2020 - 00:00,183.98,191.93,33.48,22.71,46.61,12.68,15.76,3.68
25-Apr-2020 - 00:00,151.82,164.89,34.06,20.41,45.34,12.6,9.7,2.99
26-Apr-2020 - 00:00,69,83.64,36.18,20.34,47.36,13.21,11.79,2.98
27-Apr-2020 - 00:00,211.1,222.58,32.91,18.23,42.41,12,6.97,2.76
28-Apr-2020 - 00:00,100.44,108.61,34.26,19.3,44.61,12.63,11.56,3.02
29-Apr-2020 - 00:00,66.28,104.79,38.98,23.61,52.78,14.57,12.9,3.35
30-Apr-2020 - 00:00,60.64,125.12,35.71,20.6,47.11,13.14,14.71,2.99
01-May-2020 - 00:00,70.65,139.93,35.3,20.59,46.69,13.08,14.48,2.9
02-May-2020 - 00:00,42.47,156.62,36.18,19.98,47.06,13.17,9.9,2.46
03-May-2020 - 00:00,40.44,200.9,35.66,19.26,45.97,13.03,8.73,2.42
04-May-2020 - 00:00,51.18,220.38,35.41,19.37,45.81,12.95,11.93,2.5
05-May-2020 - 00:00,90.44,273.08,32.28,19.79,43.05,12.09,17.71,2.99
06-May-2020 - 00:00,91.69,295.72,34.3,21.93,46.79,12.92,23.11,3.23
07-May-2020 - 00:00,66.76,196.18,30.15,17.74,39.27,11.22,15.84,2.73
08-May-2020 - 00:00,82.45,422.69,32.76,19.42,43.23,12.28,14.65,3.11
09-May-2020 - 00:00,None,None,34.79,20.31,45.96,12.86,13.51,3.3
10-May-2020 - 00:00,None,None,37.59,21.15,49.42,13.81,13.72,2.97
11-May-2020 - 00:00,64.56,412.83,27.18,21.19,39.14,10.75,5.76,2.47
12-May-2020 - 00:00,60.67,None,21.28,27.51,38.44,11.05,4.02,1.5
13-May-2020 - 00:00,89.77,None,24.03,32.07,44.86,12.54,5.38,1.76
14-May-2020 - 00:00,69.85,None,26.88,35.59,50.55,13.83,3.62,1.73
15-May-2020 - 00:00,66.94,None,25.35,31.58,45.77,12.97,5.25,1.36
16-May-2020 - 00:00,83.43,None,22.04,28.75,40.19,11.47,6.42,1.8
17-May-2020 - 00:00,95.73,None,24.2,33.63,46.3,12.8,6.71,2.34
18-May-2020 - 00:00,56.15,None,28.21,38.75,54.43,14.69,9.12,2.81
19-May-2020 - 00:00,99.48,None,28.86,42.33,57.99,15.46,8.04,3.49
20-May-2020 - 00:00,56.38,None,29.26,38.43,55.21,15.35,7.29,2.3
21-May-2020 - 00:00,63.82,None,30.27,39.27,56.89,15.65,6.8,2.52
22-May-2020 - 00:00,112.02,None,31.32,45.64,63.11,16.73,13.52,3.94
23-May-2020 - 00:00,83.16,None,34.6,46.62,67.16,17.96,6.35,3.53
24-May-2020 - 00:00,94.52,None,29.82,38.16,55.56,15.43,7.1,2.84
25-May-2020 - 00:00,92.57,None,31.72,40.22,59.1,16.18,9.24,3.04
26-May-2020 - 00:00,73.87,191.06,33.71,43.2,63.49,17.39,5.06,3.41
27-May-2020 - 00:00,65.32,144.3,22.16,29.78,41.15,12.15,5.97,2.8
28-May-2020 - 00:00,68.61,193.28,25.06,30.23,44.39,13.42,3.54,2.38
29-May-2020 - 00:00,45.07,112.14,31.05,36.04,55.04,17.79,2.69,2.16
30-May-2020 - 00:00,45.05,89.56,21.88,26.65,38.33,14.09,1.64,2.09
31-May-2020 - 00:00,43.25,82.3,20.45,24.67,35.31,12.5,1.3,1.88
01-Jun-2020 - 00:00,76.84,102.35,21.5,26.94,37.99,12.4,3.92,2.45
02-Jun-2020 - 00:00,75.9,122.52,25.28,32.52,46.46,17.04,2.71,2.22
03-Jun-2020 - 00:00,91.54,137.97,24.7,34.04,47.13,17.47,5.03,2.47
04-Jun-2020 - 00:00,101.11,169.92,30.91,41.86,59.64,20.09,5.37,2.79
05-Jun-2020 - 00:00,94.99,132.81,23.8,33.05,45.44,16.2,2.58,2.35
06-Jun-2020 - 00:00,84.76,133.37,22.82,31.31,43.05,15.88,1.84,2.14
07-Jun-2020 - 00:00,94.94,148.54,20.07,26.48,36.4,14.01,1.11,1.98
08-Jun-2020 - 00:00,102.37,152.1,25.46,34.4,48.18,16.76,4.05,2.38
09-Jun-2020 - 00:00,129.11,236.5,25.7,33.31,47.53,16.69,2.77,2.78
10-Jun-2020 - 00:00,117.65,239.29,29,36.31,53.22,17.11,3.03,2.74
11-Jun-2020 - 00:00,124.23,288.14,26.84,33.45,48.77,14.89,2.52,2.58
12-Jun-2020 - 00:00,105.34,241.84,25.62,32.38,46.69,13.19,2.34,2.62
13-Jun-2020 - 00:00,61.86,110.92,24.19,30.51,43.75,12.63,1.25,2.27
14-Jun-2020 - 00:00,84.29,127.16,21.92,27,38.66,11.4,1.54,2.39
15-Jun-2020 - 00:00,66.02,99.8,28.05,33.58,50.08,14.24,4.45,2.21
16-Jun-2020 - 00:00,52.21,78.18,24.22,30.37,43.68,12.81,4.93,2.16
17-Jun-2020 - 00:00,51.35,72.32,28.49,35.15,51.79,14.71,3.85,2
18-Jun-2020 - 00:00,52.93,75.22,19.94,25.88,35.76,10.86,3.2,2.08
19-Jun-2020 - 00:00,68.62,145.44,26.8,32.21,47.68,13.86,2.84,2.16
20-Jun-2020 - 00:00,40.71,63.67,25.96,32.07,46.74,13.15,3.54,1.84
21-Jun-2020 - 00:00,54.8,73.07,20.29,24.71,35.18,10.99,4.44,2.39
22-Jun-2020 - 00:00,58.76,72.36,22.04,26.71,38.53,11.88,4.67,2.58
23-Jun-2020 - 00:00,35.41,41.4,24.17,29.81,43.16,13.68,4.92,2.37
24-Jun-2020 - 00:00,51.64,57.09,21.53,29.38,40.2,15.5,3.1,2.63
25-Jun-2020 - 00:00,47.7,55.93,24.47,32.2,45.4,17.39,3.06,2.51
26-Jun-2020 - 00:00,68.23,88.93,23.64,29.44,42.34,15.73,3.13,2.47
27-Jun-2020 - 00:00,48.66,94.12,21.37,26.63,37.81,13.57,3.1,1.97
28-Jun-2020 - 00:00,60.8,175.12,25.02,29.52,43.77,14.85,3.08,2.33
29-Jun-2020 - 00:00,58.74,115.11,28.94,34.57,51.76,16.27,3.06,2.45
30-Jun-2020 - 00:00,57.21,75.96,25.38,34.26,47.98,15.59,3.21,2.62
01-Jul-2020 - 00:00,70.48,90.99,25.54,34.15,48.05,15.23,3.99,2.8
02-Jul-2020 - 00:00,83.38,108.4,23.58,30.43,43.08,12.23,5.02,2.67
03-Jul-2020 - 00:00,95.93,127.03,26.39,32.7,47.71,13.75,5.09,2.76
04-Jul-2020 - 00:00,68,79.39,22.19,29.14,40.66,11.58,5.04,2.32
05-Jul-2020 - 00:00,53.78,61.85,21.34,26.7,37.84,10.86,4.95,2.03
06-Jul-2020 - 00:00,58.52,68.59,22.9,28.09,40.51,12.4,5.04,2.55
07-Jul-2020 - 00:00,38.89,41.98,20.54,25.09,35.73,11.32,5.01,2.1
08-Jul-2020 - 00:00,39.1,43.98,19.8,23.91,34.04,11.06,4.92,2.27
09-Jul-2020 - 00:00,46.51,54.95,24.76,28.99,43.08,13.07,4.84,2.14
10-Jul-2020 - 00:00,45.28,56.74,22.52,27.42,39.59,11.93,4.49,2.51
11-Jul-2020 - 00:00,46.61,47.94,22.57,28.31,40.37,12.84,4.38,2.93
12-Jul-2020 - 00:00,43.97,43.89,18.66,23.45,32.54,11.07,4.15,2.75
13-Jul-2020 - 00:00,44.6,77.97,23.23,27.68,40.51,12.88,4.09,3.03
14-Jul-2020 - 00:00,54.38,91.9,24.85,28.76,42.99,13.32,4.24,2.19
15-Jul-2020 - 00:00,68.73,83.09,26.74,30.65,46.39,14.13,4.57,1.44
16-Jul-2020 - 00:00,54.53,60.16,30,33.18,51.68,16.13,4.87,1.52
17-Jul-2020 - 00:00,62.25,69.04,30.11,33.66,52.18,16.98,4.29,1.64
18-Jul-2020 - 00:00,65,66.6,25.42,28.82,43.72,13.77,4.25,1.44
19-Jul-2020 - 00:00,56.92,73.35,22.24,24.76,37.15,11.98,4.73,1.55
20-Jul-2020 - 00:00,45.66,59.68,21.56,25.16,36.81,11.94,4.11,1.31
21-Jul-2020 - 00:00,39.33,29.83,27,31.19,47.09,14.58,None,1.52
22-Jul-2020 - 00:00,39.83,39.29,20.94,23.67,34.97,12.07,None,1.4
23-Jul-2020 - 00:00,50.67,59.23,22.6,24.46,37.26,13.42,None,1.67
24-Jul-2020 - 00:00,44.97,52.26,30.38,41.63,58.93,18.77,6.47,1.65
25-Jul-2020 - 00:00,62.17,66.75,25.33,34.44,48.08,14.38,6.29,1.34
26-Jul-2020 - 00:00,70.46,74.81,32.5,43.62,62.65,19.12,6.53,1.86
27-Jul-2020 - 00:00,42.54,49.31,29.78,39.58,56.66,18.39,6.22,1.27
28-Jul-2020 - 00:00,36.95,46.31,28.04,37.68,53.4,16.55,6.21,1.11
29-Jul-2020 - 00:00,39.74,50.7,31.44,44.58,62.37,18.28,6.95,1.41
30-Jul-2020 - 00:00,32.29,34.22,30.12,42.66,59.51,17.59,6.05,1.28
31-Jul-2020 - 00:00,58.85,67.5,26.94,36.66,51.48,14.27,6.55,1.58
01-Aug-2020 - 00:00,49.55,55.31,24.68,34.84,47.75,13.87,6.37,1.16
02-Aug-2020 - 00:00,33.21,37.16,25.26,33.19,46.99,15.74,5.82,0.95
03-Aug-2020 - 00:00,38.56,48.08,25.78,34.61,48.66,15.04,6.1,0.84
04-Aug-2020 - 00:00,39.27,47.76,32.31,42.07,61.19,18.21,6.68,1.03
05-Aug-2020 - 00:00,61.13,71.38,29.27,40.37,56.8,15.74,6.6,1.54
06-Aug-2020 - 00:00,33.68,38.53,26.85,35.16,50.17,15.17,6.34,1.12
07-Aug-2020 - 00:00,45.23,50.41,31.58,41.53,60.03,17.19,6.95,1.27
08-Aug-2020 - 00:00,68,78.67,26.99,37.12,51.9,16.05,6.48,1.13
09-Aug-2020 - 00:00,63.16,70.9,22.3,29.58,41.12,17.56,6.8,1.13
10-Aug-2020 - 00:00,39.65,44.68,33.77,45.6,65.5,26.4,4.74,1.33
11-Aug-2020 - 00:00,55.87,62.39,36.29,46.75,68.94,29.34,3.83,1.16
12-Aug-2020 - 00:00,43.36,53.97,30.19,37.9,55.63,22.85,3.84,0.88
13-Aug-2020 - 00:00,36.12,46.06,36.48,46.98,72.03,27.35,5.67,1.08
14-Aug-2020 - 00:00,39.45,62.15,25.28,37.19,55.26,19.81,8.11,1.23
15-Aug-2020 - 00:00,47.03,66.62,23.23,31.13,48.31,17.67,6.76,0.9
16-Aug-2020 - 00:00,43.44,57.76,32.94,42.88,67.47,25.86,7.55,1.01
17-Aug-2020 - 00:00,45.84,71.11,37.18,48.79,76.48,27.46,8.24,1.52
18-Aug-2020 - 00:00,47.3,79.02,29.44,40.82,62.33,22.91,7.45,1.26
19-Aug-2020 - 00:00,40.49,62.26,30.11,42.69,64.52,22.92,8.41,1.4
20-Aug-2020 - 00:00,30.5,46.1,29.76,41.75,63.41,23.71,8.79,1.4
21-Aug-2020 - 00:00,26.42,46.39,31.5,43.45,66.52,22.96,8.35,1.47
22-Aug-2020 - 00:00,27.29,35.2,23.46,33.76,50.68,18.28,7.08,0.87
23-Aug-2020 - 00:00,23.87,30.67,27.58,36.17,56.71,21.02,7.02,0.88
24-Aug-2020 - 00:00,13.79,31.8,39.51,60.25,72.27,47.88,7.57,1.24
25-Aug-2020 - 00:00,20.93,46.13,41.12,67.96,69.04,58.8,8.01,1.32
26-Aug-2020 - 00:00,15.33,29.28,33.46,54.78,55.91,50.74,5.03,0.85
27-Aug-2020 - 00:00,16.91,38.5,36.56,60.3,61.32,56.66,4.47,1.07
28-Aug-2020 - 00:00,31.43,54.79,41.12,69.35,69.79,61.56,6.08,1.69
29-Aug-2020 - 00:00,31.25,64.51,39.02,64.92,65.75,61.05,6.06,1.46
30-Aug-2020 - 00:00,16.36,31.4,39.48,63.11,65.15,61.35,5.01,0.77
31-Aug-2020 - 00:00,12.25,29.29,41.22,67.12,68.68,57.22,5.84,1.15
01-Sep-2020 - 00:00,15.75,37.72,29.52,55.28,53.15,50.57,5.13,1.1
02-Sep-2020 - 00:00,24.68,50.55,22.57,51.11,45.54,35.79,4.62,1.11
03-Sep-2020 - 00:00,33.68,58.94,19.21,44.65,39.37,24.48,4.25,0.97
04-Sep-2020 - 00:00,37.71,57.43,18.05,33.85,32.68,23.81,4.64,1.36
05-Sep-2020 - 00:00,31.2,48.29,16.64,30.27,29.63,22.15,2.94,1.03
06-Sep-2020 - 00:00,21.54,32.27,17.8,31.4,31.18,24.46,3.67,0.98
07-Sep-2020 - 00:00,35.6,57.33,17.28,31.34,30.72,23.07,3.85,1.2
08-Sep-2020 - 00:00,17.95,41.62,17.89,31.16,31.11,23.29,3.31,0.8
09-Sep-2020 - 00:00,33.08,78.43,16.05,28.44,28.18,21.85,3.93,0.93
10-Sep-2020 - 00:00,35.32,85.27,16.71,28.85,28.94,21.2,3.1,1.05
11-Sep-2020 - 00:00,37.6,99.11,23.31,38.54,39.45,27.13,4.03,1.34
12-Sep-2020 - 00:00,43.48,91.38,18.88,32.16,32.45,23.02,5.04,1.37
13-Sep-2020 - 00:00,43.39,115.07,19.24,32.69,33.02,23.67,4.27,1.15
14-Sep-2020 - 00:00,68.42,87,25.98,41.67,43.29,29.25,5.08,1.67
15-Sep-2020 - 00:00,66.93,85.69,20.13,33.2,34.03,23.51,4.24,1.31
16-Sep-2020 - 00:00,71.07,None,20.16,32.5,33.68,22.56,4.64,1.18
17-Sep-2020 - 00:00,47.69,61.22,17.84,29.71,30.3,22.85,2.65,0.75
18-Sep-2020 - 00:00,40.7,85.6,18,31.12,31.19,22.84,3.18,0.78
19-Sep-2020 - 00:00,64.05,122.38,17.73,31.96,31.42,23.3,3.88,1.18
20-Sep-2020 - 00:00,77.15,147.8,16.81,29.94,29.6,21.03,4.66,1.2
21-Sep-2020 - 00:00,63.57,112.4,17.9,31.39,31.25,22.27,3.37,0.95
22-Sep-2020 - 00:00,49.33,95.32,19.5,33.54,33.7,23.99,4.5,1.38
23-Sep-2020 - 00:00,35.38,83.91,22.04,37.09,37.64,27.35,4.44,1.17
24-Sep-2020 - 00:00,53.88,101.3,21.07,35.81,36.17,25.72,6.44,1.17
25-Sep-2020 - 00:00,63.05,131.36,20.76,34.24,35.09,24.29,7.42,1.61
26-Sep-2020 - 00:00,65.59,152.91,25.57,40.57,42.37,27.77,8.96,1.57
27-Sep-2020 - 00:00,42.41,116,17.33,29.23,29.65,21.83,8.91,1.15
28-Sep-2020 - 00:00,63.65,178.93,18.6,31.37,31.81,21.67,9.75,1.3
29-Sep-2020 - 00:00,69.83,188.11,16.52,28.74,28.72,22.01,7.79,1.15
30-Sep-2020 - 00:00,57.64,175.8,15.09,27.74,27.02,20.27,12.8,1.17
01-Oct-2020 - 00:00,60.32,192.04,17.71,30.62,30.67,21.34,11.82,1.66
02-Oct-2020 - 00:00,81.49,199.83,21.63,33.97,35.65,24.9,13.07,1.7
03-Oct-2020 - 00:00,82.99,198.12,22.95,37.35,38.52,27.96,17.8,1.84
04-Oct-2020 - 00:00,81.96,216.59,20,33.05,33.84,24.13,22.61,1.68
05-Oct-2020 - 00:00,74.9,207.19,21.87,36.98,37.45,27.24,20,1.76
06-Oct-2020 - 00:00,76.6,219.35,26.89,44.62,45.61,30.32,26.01,2.46
07-Oct-2020 - 00:00,89.7,232.39,22.52,37.19,38.08,27.13,25.3,2.04
08-Oct-2020 - 00:00,84.9,187.18,19.86,34.75,34.63,25.85,27.78,2.01
09-Oct-2020 - 00:00,88.2,105.76,20.56,36.95,36.37,27.76,24.78,2.01
10-Oct-2020 - 00:00,115.41,189.39,18.84,33.65,33.22,29.53,31.11,1.9
11-Oct-2020 - 00:00,116.5,186.22,19.11,32.2,32.65,30.1,30.69,1.98
12-Oct-2020 - 00:00,154.83,239.56,28.2,46.54,47.68,38.46,35.88,3.25
13-Oct-2020 - 00:00,161.45,249.71,35.19,54.6,57.65,43.12,26.99,4.03
14-Oct-2020 - 00:00,174.43,254.69,26.45,41.39,43.53,34.69,17.93,3.36
15-Oct-2020 - 00:00,182.44,248.08,21.94,36.37,37.12,29,30.14,2.53
16-Oct-2020 - 00:00,139.03,194.65,21.23,34.9,35.83,27.79,27.31,2.82
17-Oct-2020 - 00:00,147.73,210.4,28.03,45.07,46.76,36.56,23.42,3.62
18-Oct-2020 - 00:00,111.1,160.98,21.06,34.78,35.61,31.87,17.93,2.37
19-Oct-2020 - 00:00,129.59,187.66,18.65,32.1,32.24,28.02,22.64,2.31
20-Oct-2020 - 00:00,112.94,182.22,26.05,42.45,43.76,34.79,25.01,3.28
21-Oct-2020 - 00:00,123.17,168.26,35.21,55.58,58.19,42.29,18.4,3.9
22-Oct-2020 - 00:00,172.28,238.64,31.74,51.14,53.01,39.08,33.39,4.58
23-Oct-2020 - 00:00,201.19,254.8,33.59,55.04,56.58,43.27,27.62,4.49
24-Oct-2020 - 00:00,172.8,222.42,33.78,52.49,55.37,39.9,23.79,4.45
25-Oct-2020 - 00:00,149.74,192.22,32.11,49.46,52.41,38.2,21.06,4.58
26-Oct-2020 - 00:00,157.73,224.86,29.81,49.21,50.41,40.41,30.24,4.11
27-Oct-2020 - 00:00,137.98,213.65,25.17,43.43,43.56,35.58,17.78,3.36
28-Oct-2020 - 00:00,198.53,295.53,34.31,56.26,57.82,42.69,24.09,3.71
29-Oct-2020 - 00:00,235.2,341.14,44.17,75.07,75.83,54.41,26.87,4.95
30-Oct-2020 - 00:00,221.5,304.78,26.61,45.95,46.08,38.07,23.41,3.83
31-Oct-2020 - 00:00,257.29,378.39,13.98,25.77,25.08,25.43,24.08,3.02
01-Nov-2020 - 00:00,216.96,354.02,20.06,34.47,34.64,30.69,28.12,3.23
02-Nov-2020 - 00:00,170.6,258.34,28.29,48.15,48.61,37.76,22.24,3.56
03-Nov-2020 - 00:00,177.83,236.47,44.92,71.76,74.69,51.77,19.86,4.68
04-Nov-2020 - 00:00,277.19,397.2,35.02,58.91,59.82,44.84,23.81,4.27
05-Nov-2020 - 00:00,363.68,441.8,32.5,55.45,55.91,42.16,24.1,4.22
06-Nov-2020 - 00:00,422.28,500.22,63.48,73.67,90.77,50.4,21.21,4.55
07-Nov-2020 - 00:00,344.46,462.68,96.43,83.32,122.72,55.15,24.78,4.51
08-Nov-2020 - 00:00,394.51,489.44,122.72,92.55,149,61.12,32.13,5.17
09-Nov-2020 - 00:00,504.9,605.57,99.2,83.2,124.91,56.47,22.83,5.9
10-Nov-2020 - 00:00,572.2,635.61,90.81,74.91,113.67,54.9,21.52,6.01
11-Nov-2020 - 00:00,None,None,None,None,None,None,None,None
12-Nov-2020 - 00:00,443.17,491.84,52.82,42.76,65.69,38.78,30.33,4.73
13-Nov-2020 - 00:00,482.27,546.32,67.39,44.22,78.31,41.37,19.35,5.16
14-Nov-2020 - 00:00,574.31,592.81,56.95,44.9,70.18,42.03,22.54,5.04
15-Nov-2020 - 00:00,655.69,690.92,33.14,34.27,45.17,32.38,24,3.44
16-Nov-2020 - 00:00,135.82,171.1,26.55,29.9,37.48,29.57,12.37,2.14
17-Nov-2020 - 00:00,80.2,128.46,31.12,32.1,42.38,31.37,12.36,2.11
18-Nov-2020 - 00:00,120.05,175.73,23.47,27.05,33.46,24.14,11.13,2.38
19-Nov-2020 - 00:00,141.09,202.23,38.52,32.78,48.76,29.13,17.91,2.78
20-Nov-2020 - 00:00,155.43,220.08,30.29,31.26,41.25,26.08,17.62,2.28
21-Nov-2020 - 00:00,121.85,191.54,23.79,25.61,32.96,22.61,16.66,2.23
22-Nov-2020 - 00:00,152.8,276.12,33.44,29.28,42.76,26.57,16.9,2.68
23-Nov-2020 - 00:00,207.72,279.64,55.21,37.72,64.95,34.67,19.06,4.6
24-Nov-2020 - 00:00,291.98,419.49,77.45,46.73,87.83,43.21,23.84,6.54
25-Nov-2020 - 00:00,314.62,464.09,55.41,38.81,65.7,36.92,24.05,4.43
26-Nov-2020 - 00:00,129.33,None,27.65,29.26,38.05,26.43,15.66,2.31
27-Nov-2020 - 00:00,89.84,None,26.15,27.64,35.97,24.8,14.07,2.14
28-Nov-2020 - 00:00,132.86,None,26.56,24.6,34.67,22.8,13.41,2.7
29-Nov-2020 - 00:00,144.78,None,30.39,26.91,39.03,20.13,18.05,4.03
30-Nov-2020 - 00:00,195.15,336.83,57.74,38.52,67.43,36.62,15.57,4.81
01-Dec-2020 - 00:00,201.78,280.59,58.19,41.76,69.52,38.59,20.66,5.3
02-Dec-2020 - 00:00,186.18,269.27,49.08,37.03,59.59,35.8,19.72,4.4
03-Dec-2020 - 00:00,151.24,205.41,45.57,37.74,57.11,36.87,17.96,4.1
04-Dec-2020 - 00:00,228.04,328.79,86.21,42.11,92.49,48.19,23.41,6.73
05-Dec-2020 - 00:00,235.81,321.67,62.36,20.97,61.86,39.78,15.4,4.44
06-Dec-2020 - 00:00,222.11,295.12,54.18,20.09,54.74,38.89,17.09,3.8
07-Dec-2020 - 00:00,228.88,316.15,46.91,21.41,49.53,36.76,8.35,3.81
08-Dec-2020 - 00:00,191.9,279.92,73.26,19.05,69.7,44.19,14.96,4.76
09-Dec-2020 - 00:00,176.88,251.32,74.96,20.67,71.94,44.01,19.17,4.77
10-Dec-2020 - 00:00,124.17,190.19,54.71,18.07,54.09,36.92,18.74,3.22
11-Dec-2020 - 00:00,164.92,262.8,65.34,18.28,62.84,42.75,21.19,3.69
12-Dec-2020 - 00:00,243.1,317.62,40.29,17.22,41.92,36.35,8.87,3.14
13-Dec-2020 - 00:00,119.15,174.77,28.03,17.66,32.18,28.92,8.44,1.87
14-Dec-2020 - 00:00,87.8,130.88,28.04,16.53,31.59,24.03,11.54,1.77
15-Dec-2020 - 00:00,115.5,166.5,25.71,15.09,28.93,22.44,25.72,1.92
16-Dec-2020 - 00:00,112.17,159.48,23.95,15.03,27.45,22.15,9.55,2.03
17-Dec-2020 - 00:00,121.48,169.47,21.56,14.51,25.24,20.79,5.59,2.1
18-Dec-2020 - 00:00,124.47,174.68,22.74,13.62,25.74,20.68,11.01,2.45
19-Dec-2020 - 00:00,141.21,202.21,26.3,14.15,28.9,21.09,13.08,2.68
20-Dec-2020 - 00:00,175,241.65,39.7,13.33,39.37,26.29,15.21,3.24
21-Dec-2020 - 00:00,197.74,259.49,50.97,14.12,48.94,31.29,29.24,4.3
22-Dec-2020 - 00:00,364.64,477.69,81.44,14.49,73.86,43.85,22.86,6.38
23-Dec-2020 - 00:00,316.66,404.75,113.61,13.81,98,52.99,25.9,7.08
24-Dec-2020 - 00:00,297.22,383,79.73,14.32,71.58,43.53,23.55,5.77
25-Dec-2020 - 00:00,185.07,247.69,44.22,14.21,43.5,30.67,11.93,3.7
26-Dec-2020 - 00:00,203.11,267.85,51.14,13.95,49,31.92,10.43,4.21
27-Dec-2020 - 00:00,231.71,316.27,64.9,13.88,60.14,37.02,23.72,4.42
28-Dec-2020 - 00:00,62.47,163.55,23.38,15.64,27.33,21.02,21.49,2.49
29-Dec-2020 - 00:00,86.55,178.71,22.5,17.09,27.38,21.89,11.11,2.63
30-Dec-2020 - 00:00,131.26,181.53,23.33,15.97,27.46,22.65,6.27,2.99
31-Dec-2020 - 00:00,188.56,246.19,30.05,14.49,32.14,24.91,8.62,3.85
01-Jan-2021 - 00:00,365.84,467.69,74.98,13.07,67.52,39.04,21.43,6.73
02-Jan-2021 - 00:00,257.46,321.89,41.41,12.75,40.45,30.61,20.34,4.45
03-Jan-2021 - 00:00,116.64,143.65,34.27,11.22,33.83,28.07,12.4,3.14
04-Jan-2021 - 00:00,79.79,109.12,35.32,14.39,36.38,31.61,11.02,2.99
05-Jan-2021 - 00:00,60.93,83.52,38.77,13.23,38.56,36.04,11.26,2.77
06-Jan-2021 - 00:00,102.8,143.46,44.12,13.22,42.89,42.99,12.01,2.47
07-Jan-2021 - 00:00,78.28,127.99,29.67,15.13,32.17,34.03,7.11,1.66
08-Jan-2021 - 00:00,105,185.96,33.78,13.44,34.61,29.65,9.72,1.59
09-Jan-2021 - 00:00,125.96,171.78,28.02,13.36,29.88,24.99,15.43,0.97
10-Jan-2021 - 00:00,90.94,136.5,23.64,13.62,26.46,21.29,4.97,0.58
11-Jan-2021 - 00:00,100.16,144.62,23.2,14.74,26.71,21.82,3.86,0.99
12-Jan-2021 - 00:00,150.7,213.78,33.3,15.22,35.17,27.74,7.22,1.02
13-Jan-2021 - 00:00,192.22,287.58,45.86,14.13,44.8,30.3,10.2,1.51
14-Jan-2021 - 00:00,326.65,432.35,73.54,15.02,67.79,41.6,20.49,3.38
15-Jan-2021 - 00:00,358.15,468.01,73.61,15.15,67.91,41,20.41,3.83
16-Jan-2021 - 00:00,280.23,378.45,37.69,16.06,39.18,30.91,10.61,1.22
17-Jan-2021 - 00:00,239.52,285.85,26,14.44,28.81,25.62,8.81,0.37
18-Jan-2021 - 00:00,253.02,336.96,43.3,13.34,42.3,32.03,16.85,5.09
19-Jan-2021 - 00:00,303.18,383.77,46.76,12.92,44.88,32.84,12.61,3.04
20-Jan-2021 - 00:00,173.75,221.9,21.78,13.65,24.96,20.74,6.92,1.28
21-Jan-2021 - 00:00,242.12,288.3,29.18,13.53,30.92,23.84,10.44,1.75
22-Jan-2021 - 00:00,528.43,589.93,62.04,9.83,55.67,46.19,15.27,3.34
23-Jan-2021 - 00:00,439.38,466.42,25.36,10.73,26.32,20.23,12.23,1.5
24-Jan-2021 - 00:00,615.41,666.83,30.24,9.71,29.75,23.08,9.8,1.24
25-Jan-2021 - 00:00,363.23,414.35,29.06,12.92,30.5,21.05,8.45,1.46
26-Jan-2021 - 00:00,183.66,264.48,31.67,12.51,32.41,25.14,11.69,1.83
27-Jan-2021 - 00:00,195.4,288.31,31.16,15.85,33.76,24.84,13.22,2.07
28-Jan-2021 - 00:00,298.59,406.91,62.18,20.33,61.37,38.46,21.4,3.85
29-Jan-2021 - 00:00,234.35,335.43,49.29,17.23,49.24,33.92,16.07,2.52
30-Jan-2021 - 00:00,153.34,226.47,28.64,15.79,31.68,25.46,17.79,1.62
31-Jan-2021 - 00:00,166.02,244.44,57.39,15.71,55.01,34.04,16.42,2.71
01-Feb-2021 - 00:00,255.05,373.32,66.08,21.15,64.97,53.35,20.62,3.72
02-Feb-2021 - 00:00,192.88,300.17,55.03,20.63,55.72,43.63,29.71,3.15
03-Feb-2021 - 00:00,195.44,272,42.25,19.8,44.88,36.07,20.72,1.96
04-Feb-2021 - 00:00,149.79,199.51,36.09,17.19,38.5,33,14.45,1.56
05-Feb-2021 - 00:00,79.1,130.99,36.98,22.34,41.95,27.8,13.81,1.34
06-Feb-2021 - 00:00,104.33,154.71,26.54,31.48,38.32,21.28,18.31,1.07
07-Feb-2021 - 00:00,141.34,202.94,32.29,32.48,43.5,23.54,17.81,1.61
08-Feb-2021 - 00:00,216.89,370.27,55.83,52.1,69.16,40.05,10.01,2.9
09-Feb-2021 - 00:00,202.48,299.01,65.76,50.64,81.99,132.74,33.87,3.56
10-Feb-2021 - 00:00,196.96,314.24,77.92,57.66,93.92,83.9,36.07,3.39
11-Feb-2021 - 00:00,191.1,293.16,59.63,48.31,74.17,44.2,30.61,2.53
12-Feb-2021 - 00:00,270.9,375.87,66.94,51.84,81.99,129.24,27.88,2.89
13-Feb-2021 - 00:00,170.2,221.62,59.07,54.22,76.86,211.22,21.24,3.24
14-Feb-2021 - 00:00,None,None,89.17,65.05,107.1,234.7,27.17,4.24
15-Feb-2021 - 00:00,161.88,247.62,72.58,60.34,91.1,267.69,24.95,3.6
16-Feb-2021 - 00:00,228.29,333.75,58.12,58.02,78.11,234.49,40.67,2.42
17-Feb-2021 - 00:00,253.54,350.31,75.82,61.29,93.95,203.23,34.29,3.08
18-Feb-2021 - 00:00,298.78,375.24,67.81,55.2,84.49,144.96,29.26,2.34
19-Feb-2021 - 00:00,246.08,318.57,48.65,46.33,64.19,118.09,22.4,1.71
20-Feb-2021 - 00:00,143.78,213.7,45.55,45.35,61.16,152.39,23.34,1.7
21-Feb-2021 - 00:00,183.43,262.89,50.56,45.77,65.45,137.23,27.96,1.56
22-Feb-2021 - 00:00,139.21,225.62,45.6,47.63,62.42,238.78,25.68,1.37
23-Feb-2021 - 00:00,108.86,199.09,66.13,56.07,83.59,242.14,31.97,2.18
24-Feb-2021 - 00:00,132.96,254.15,90.46,64.9,108.07,233.99,39.84,3.13
25-Feb-2021 - 00:00,134.85,241.45,65.12,53.1,81.19,166.89,33.38,1.92
26-Feb-2021 - 00:00,109.07,205.94,46.31,44.63,61.39,176.73,38.36,1.66
27-Feb-2021 - 00:00,77.27,200.35,58,47.79,72.58,100.54,26.47,1.83
28-Feb-2021 - 00:00,71.84,175.84,43.08,41.45,57.07,126.81,35.52,0.88
01-Mar-2021 - 00:00,71.34,165.47,37.34,44.76,54.17,229,33.57,0.78
02-Mar-2021 - 00:00,60.92,147.11,30.38,40.67,46.33,250.11,36.01,0.47
03-Mar-2021 - 00:00,92.54,177.49,41.91,50.6,60.99,305.36,46.9,1.9
04-Mar-2021 - 00:00,175.89,307.31,87.32,78.18,112.57,None,59.37,4.1
05-Mar-2021 - 00:00,110.34,203.3,41.87,43.2,57.01,103.66,29.7,1.24
06-Mar-2021 - 00:00,129.7,214.93,31.33,22.96,37.69,48.6,41.95,1.9
07-Mar-2021 - 00:00,219.87,379.6,47.36,28.56,53.7,76.49,55.31,2.43
08-Mar-2021 - 00:00,126.48,235.22,28.27,30.06,38.97,36.71,33.77,1.48
09-Mar-2021 - 00:00,161.12,273.23,31.25,28.3,40.45,14.01,45.94,1.48
10-Mar-2021 - 00:00,85.5,149.58,29.62,25.5,37.64,5.11,46.76,1.07
11-Mar-2021 - 00:00,135.38,240.22,38.34,27.44,45.76,31.08,59.73,2.34
12-Mar-2021 - 00:00,87.84,172.67,33.13,25.82,40.67,23.19,33.4,1.1
13-Mar-2021 - 00:00,129.31,220.65,30.72,22.97,37.19,7.58,56.42,1.2
14-Mar-2021 - 00:00,110.06,176.75,26.8,24.61,34.87,6.27,45.18,0.68
15-Mar-2021 - 00:00,144.12,248.18,26.4,23.15,33.77,30.06,42.02,0.65
16-Mar-2021 - 00:00,149.32,299.13,19.91,20.42,27.05,29.39,40.23,0.79
17-Mar-2021 - 00:00,137.54,318.69,27.11,24.09,34.85,31.87,31.33,1.93
18-Mar-2021 - 00:00,139.47,322.84,44.07,27.99,50.72,32.82,27.3,2.8
19-Mar-2021 - 00:00,112.56,246.46,30.61,24.38,37.86,29.05,31.4,1.46
20-Mar-2021 - 00:00,125.17,229.44,23.82,21.98,31.06,27.02,31.24,1.77
21-Mar-2021 - 00:00,108.1,215.16,35.81,26.22,43.05,42.03,29.09,2.12
22-Mar-2021 - 00:00,85.55,206.29,25.13,22.41,32.36,32.61,30.01,1.75
23-Mar-2021 - 00:00,78.93,232.64,27.94,22.88,34.91,29.49,27.51,1.57
24-Mar-2021 - 00:00,79.02,177.77,20.74,20.42,27.72,24.84,28.65,1.05
25-Mar-2021 - 00:00,48.18,110.04,17.22,17.7,23.42,24.83,16.76,0.78
26-Mar-2021 - 00:00,77.09,139.75,19.87,19.27,26.4,24.89,27.64,1.08
27-Mar-2021 - 00:00,108.05,193.07,26.38,23.53,33.97,25.4,27.89,2.23
28-Mar-2021 - 00:00,148.27,241.6,30.91,22.59,37.15,25.21,31.64,3.04
29-Mar-2021 - 00:00,165.88,240.96,21.22,18.51,27.1,25.45,35.78,2.11
30-Mar-2021 - 00:00,132.68,321.71,25.79,18.67,30.89,24.33,17.66,1.93
31-Mar-2021 - 00:00,55.77,166.64,15.29,15.41,20.63,20.93,20.89,0.88
01-Apr-2021 - 00:00,48.37,150.21,13.95,15.26,19.47,20.37,26.22,1.02
02-Apr-2021 - 00:00,68.98,145.56,17.42,18.06,23.77,21.46,35.99,1.44
03-Apr-2021 - 00:00,72.42,146.76,24.34,21.67,31.32,47.81,31.78,2.12
04-Apr-2021 - 00:00,75.56,150.73,20.66,20.33,27.6,51.24,33.56,2.47
05-Apr-2021 - 00:00,110.32,218.03,30.21,25.97,38.37,39.72,45.72,3.66
06-Apr-2021 - 00:00,148.65,290.78,28.14,23.15,35.19,30.63,57.44,3.32
07-Apr-2021 - 00:00,88.43,207.34,17.97,18.57,24.49,30.66,26.74,2.16
08-Apr-2021 - 00:00,57.33,121.28,19.63,19.48,26.33,69.83,28.93,2.37
09-Apr-2021 - 00:00,66.27,139.01,26.01,22.8,33.27,50.51,29.76,2.9
10-Apr-2021 - 00:00,66.7,141.64,36.94,26.18,43.96,42.26,26.06,2.74
11-Apr-2021 - 00:00,81.06,160.05,37.73,26.26,44.64,36.62,46.85,2.99
12-Apr-2021 - 00:00,113.67,210.82,34.28,25.44,41.4,33.19,47.09,2.96
13-Apr-2021 - 00:00,103.03,198.51,31.97,22.75,38.06,32.94,43.24,2.75
14-Apr-2021 - 00:00,71.11,160.28,24.49,17.81,29.38,30.2,37.35,2.29
15-Apr-2021 - 00:00,82.56,199.06,28.79,19.56,33.78,31.46,32.51,2.71
16-Apr-2021 - 00:00,90.65,237.1,32.38,19.44,36.68,30.01,32.18,2.71
17-Apr-2021 - 00:00,59.03,104.03,27.26,18.26,31.88,30.83,18.68,2.12
18-Apr-2021 - 00:00,77.95,144.71,30.69,16.44,33.69,31.74,29.2,2.59
19-Apr-2021 - 00:00,82.76,180.76,39.37,19.33,42.29,34.84,31.01,3.16
20-Apr-2021 - 00:00,85.26,185.98,28.37,17.36,32.29,32.28,51.09,2.49
21-Apr-2021 - 00:00,65.43,105.15,30.37,19.85,35.25,33.91,24.4,2.12
22-Apr-2021 - 00:00,55.05,111.94,28.38,18.34,32.82,32.91,23.04,2.35
23-Apr-2021 - 00:00,50.99,106.16,32.56,21.15,37.72,34.78,24.68,2.3
24-Apr-2021 - 00:00,44.46,89.76,37.73,21.73,42.23,36.26,27.96,2.32
25-Apr-2021 - 00:00,97.46,160.73,34.3,18.62,37.79,34.68,32.1,3.01
26-Apr-2021 - 00:00,175.5,257.49,37.06,24.06,42.87,36.52,47.69,3.9
27-Apr-2021 - 00:00,174.99,278.1,32.91,21.32,37.04,34.3,49.56,3.78
28-Apr-2021 - 00:00,333,463,35.24,20.02,39.29,33.27,128.47,4.74
29-Apr-2021 - 00:00,77.73,201.64,33.35,21.46,38.54,34.85,23.17,2.37
30-Apr-2021 - 00:00,175.89,338.64,32.92,20.13,37.47,34.33,63.01,3.48
01-May-2021 - 00:00,None,None,None,None,None,None,None,None
02-May-2021 - 00:00,None,None,None,None,None,None,None,None
03-May-2021 - 00:00,None,16,29.42,19.63,34.54,33.34,17.86,2.91
04-May-2021 - 00:00,47.72,113.61,35.4,23.3,41.12,35.98,25.3,2.63
05-May-2021 - 00:00,88.57,170.55,31.52,20.18,36.36,34.41,25.27,2.62
06-May-2021 - 00:00,235.86,145.21,29.41,19.86,34.48,33.42,15.81,2.45
07-May-2021 - 00:00,None,34.44,33.36,22.22,38.94,35.21,24.98,2.61
08-May-2021 - 00:00,None,38.5,33.56,21.5,38.71,34.98,23.03,2.9
09-May-2021 - 00:00,None,34.81,30.24,18.66,34.5,33.43,19.38,2.34
10-May-2021 - 00:00,27.71,79.71,30.21,19.16,34.76,33.86,18.14,2.68
11-May-2021 - 00:00,25.68,78.64,28.52,18.85,33.22,32.72,19.98,2.33
12-May-2021 - 00:00,22.22,90.27,32.24,18.99,36.28,34.31,19.27,2.19
13-May-2021 - 00:00,21.09,54.19,29.51,14.22,31.56,32.64,10.29,2.19
14-May-2021 - 00:00,27.31,71.26,31.8,15.66,34.18,33.69,12.48,2.14
15-May-2021 - 00:00,24.64,117.64,30.65,17.01,33.97,33.47,17.49,2.33
16-May-2021 - 00:00,31.09,89.83,41.51,25.93,47.52,38.62,32.47,3.07
17-May-2021 - 00:00,None,None,None,None,None,None,16.13,4.39
18-May-2021 - 00:00,None,None,None,None,None,None,11.48,2.85
19-May-2021 - 00:00,None,None,None,None,None,None,5.21,2.66
20-May-2021 - 00:00,None,None,None,None,None,None,2.7,2.66
21-May-2021 - 00:00,None,None,None,None,None,None,2.18,2.62
22-May-2021 - 00:00,None,None,None,None,None,None,6.28,2.21
23-May-2021 - 00:00,None,None,None,None,None,None,7.87,2.16
24-May-2021 - 00:00,None,None,21.3,11.14,23.21,7.27,10.69,2.09
25-May-2021 - 00:00,None,None,18.17,12.89,21.64,7.47,11.74,2.21
26-May-2021 - 00:00,None,None,15.41,18.64,22.44,6.8,14.32,2.8
27-May-2021 - 00:00,None,None,12.64,17.01,19.32,5.65,8.39,2.92
28-May-2021 - 00:00,None,None,13.86,20.91,22.4,6.44,3.54,2.24
29-May-2021 - 00:00,None,None,12.96,20.27,21.28,6.22,2.98,2.01
30-May-2021 - 00:00,None,None,13.09,21.07,21.87,6.3,3.24,1.91
31-May-2021 - 00:00,None,None,15.17,24.29,25.26,7.25,8.58,2.5
01-Jun-2021 - 00:00,None,None,13.43,19.66,21.38,14.99,3.98,2.27
02-Jun-2021 - 00:00,None,None,15.27,21.28,23.73,22.31,5.39,2.36
03-Jun-2021 - 00:00,120.93,192.36,14.44,21.96,23.43,22.32,6.87,2.44
04-Jun-2021 - 00:00,150.65,198.41,12.93,20.06,21.18,21.01,5.37,2.34
05-Jun-2021 - 00:00,84.22,134.24,12.99,18.44,20.38,20.78,4.18,2.05
06-Jun-2021 - 00:00,153.57,217.17,14.07,19.85,22,21.74,4.32,2.28
07-Jun-2021 - 00:00,252.8,304.59,14.36,21.99,23.33,22.39,8.75,2.47
08-Jun-2021 - 00:00,185.62,307.98,14.69,23.27,24.32,22.61,5.31,2.34
09-Jun-2021 - 00:00,76.96,None,15.46,24.81,25.76,29.05,5.1,1.75
10-Jun-2021 - 00:00,78.11,None,16.9,27.35,28.27,38.77,2.76,1.7
11-Jun-2021 - 00:00,62.31,112.68,13.92,22.66,23.37,34.18,3.05,1.57
12-Jun-2021 - 00:00,44.14,84.69,14.62,23.09,24.17,34.81,3.44,1.44
13-Jun-2021 - 00:00,59.53,106.44,16.9,27.29,28.24,38.8,3.36,1.5
14-Jun-2021 - 00:00,58.34,96.15,15.2,24.53,25.4,35.92,3.86,1.53
15-Jun-2021 - 00:00,52.88,135.09,18.28,29.66,30.63,40.81,4.35,1.38
16-Jun-2021 - 00:00,54.97,93.77,13.17,21.24,22,32.67,3.54,1.53
17-Jun-2021 - 00:00,60.39,110.83,13.49,21.98,22.66,33.14,2.98,1.51
18-Jun-2021 - 00:00,41.41,78.03,14.97,24.08,24.97,35.46,2.91,1.35
19-Jun-2021 - 00:00,45.94,98.69,16.53,27.28,28.02,38.15,3,1.18
20-Jun-2021 - 00:00,42.92,76.35,13.24,22.04,22.5,32.78,2.5,1.14
21-Jun-2021 - 00:00,68.79,121.22,15.55,25.84,26.39,36.35,2.88,1.51
22-Jun-2021 - 00:00,76.75,181.34,16.27,26.5,27.31,37.4,3.83,1.63
23-Jun-2021 - 00:00,109.71,261.08,17.83,28.04,29.51,39.57,9.35,1.98
24-Jun-2021 - 00:00,80.84,213.49,17.74,29.01,29.85,39.82,4.51,1.48
25-Jun-2021 - 00:00,83.86,243.52,18.04,29.54,30.38,40.39,9,1.42
26-Jun-2021 - 00:00,69.42,194.91,15.11,24.66,25.4,35.58,7.21,1.66
27-Jun-2021 - 00:00,98.73,259.29,15.64,25.37,26.2,36.35,3.85,1.7
28-Jun-2021 - 00:00,102.12,303.16,17.15,27.93,28.8,38.55,4.37,1.92
29-Jun-2021 - 00:00,106.65,311.63,18.26,29.62,30.59,39.93,7.27,1.9
30-Jun-2021 - 00:00,70.95,279.15,17.43,28.21,29.17,38.87,8.64,1.36
01-Jul-2021 - 00:00,56.58,219.34,19.72,30.86,32.44,31.77,8.11,1.37
02-Jul-2021 - 00:00,61.77,260.23,18.18,28.12,29.73,22.77,6.21,1.46
03-Jul-2021 - 00:00,46.69,158.59,16.91,25.95,27.56,22.41,3.25,1.27
04-Jul-2021 - 00:00,None,None,None,None,None,None,None,None
05-Jul-2021 - 00:00,None,None,None,None,None,None,None,None
06-Jul-2021 - 00:00,None,None,None,None,None,None,None,None
07-Jul-2021 - 00:00,None,None,None,None,None,None,6.8,2.4
08-Jul-2021 - 00:00,47.5,267.83,9.1,14.1,14.92,11.23,9.67,1.63
09-Jul-2021 - 00:00,64.41,173.99,8.65,12.73,13.8,11.21,7.31,2.08
10-Jul-2021 - 00:00,46.46,196.05,9.95,14.81,15.97,11.39,6.9,1.68
11-Jul-2021 - 00:00,64.33,291.82,9.23,14.04,14.97,11.28,6.79,1.42
12-Jul-2021 - 00:00,48.77,192.81,9.09,13.57,14.61,11.3,7,1.49
13-Jul-2021 - 00:00,None,None,None,None,None,None,None,None
14-Jul-2021 - 00:00,57.28,199.19,9.21,13.67,14.76,16.08,8.48,1.79
15-Jul-2021 - 00:00,103.72,193.18,8.46,12.46,13.5,16.6,6.82,1.53
16-Jul-2021 - 00:00,100.2,136.56,9.05,13.15,14.35,16.84,7.13,1.38
17-Jul-2021 - 00:00,126.28,167.16,8.87,13.35,14.32,16.82,6.9,1.37
18-Jul-2021 - 00:00,90.34,126.49,9.41,14.05,15.12,16.92,6.93,1.24
19-Jul-2021 - 00:00,42.06,64.2,9.75,14.14,15.45,17.05,7.1,1.31
20-Jul-2021 - 00:00,94.3,124.72,10.63,14.98,16.6,17.43,7.41,1.56
21-Jul-2021 - 00:00,94.45,134.04,9.24,13.23,14.54,16.8,7.45,1.57
22-Jul-2021 - 00:00,71.99,97.92,8.85,12.87,14.04,16.72,6.63,1.1
23-Jul-2021 - 00:00,79.81,107.7,8.3,12.09,13.18,16.61,7.13,1.32
24-Jul-2021 - 00:00,97.77,132.5,9.51,13.43,14.88,17.16,6.47,1.42
25-Jul-2021 - 00:00,97.39,135.07,10.15,14.55,15.99,17.4,6.65,1.23
26-Jul-2021 - 00:00,104.01,138.03,9.24,13.69,14.79,17.15,7.08,1.16
27-Jul-2021 - 00:00,76.92,114.35,9.49,14,15.16,17.16,6.66,1.02
28-Jul-2021 - 00:00,40.35,71.02,8.91,12.87,14.08,16.93,6.47,0.89
29-Jul-2021 - 00:00,54.11,97.5,8.83,12.6,13.87,16.92,7.59,1.2
30-Jul-2021 - 00:00,71.24,108.01,7.81,11.03,12.2,16.36,6.93,1.08
31-Jul-2021 - 00:00,53.28,106.9,9.22,13.01,14.41,16.96,6.46,1.08
01-Aug-2021 - 00:00,67.42,141.92,10.29,14.44,16.05,17.38,7.13,1.44
02-Aug-2021 - 00:00,93.65,155.98,8.95,12.45,13.91,16.87,7.42,1.82
03-Aug-2021 - 00:00,50.74,97.73,9.73,13.86,15.29,17.26,7.55,0.62
04-Aug-2021 - 00:00,55.66,111.12,9.56,13.88,15.15,17.09,7.43,0.9
05-Aug-2021 - 00:00,83.14,146.24,7.3,10.27,11.4,16.08,6.7,0.67
06-Aug-2021 - 00:00,101.04,163.56,8.93,12.75,14.05,16.77,6.22,0.69
07-Aug-2021 - 00:00,122.38,181.97,8.36,12.02,13.18,16.56,7.33,1.11
08-Aug-2021 - 00:00,120.5,154.65,6.67,9.35,10.39,15.87,7.81,0.89
09-Aug-2021 - 00:00,128.12,160.62,8.16,11.47,12.73,16.46,6.68,0.68
10-Aug-2021 - 00:00,44.12,41.25,7.76,11.24,12.28,16.47,6.23,0.49
11-Aug-2021 - 00:00,24.52,None,7.18,10.56,11.45,16.14,6.64,0.42
12-Aug-2021 - 00:00,None,42,7.83,10.88,12.15,17.84,6.51,1.1
13-Aug-2021 - 00:00,40.32,None,8.75,11.09,13.01,19.61,5.65,0.85
14-Aug-2021 - 00:00,37.98,None,7.49,9.59,11.19,19.08,6.57,0.91
15-Aug-2021 - 00:00,38.65,None,8.89,11.37,13.28,19.67,6.9,0.78
16-Aug-2021 - 00:00,43.12,117.5,9.03,11.4,13.41,19.72,6.45,1.11
17-Aug-2021 - 00:00,75.41,156.02,9.62,11.99,14.19,19.97,7.2,1.45
18-Aug-2021 - 00:00,87.32,None,8.58,10.68,12.65,19.5,7.31,1.63
19-Aug-2021 - 00:00,83.85,None,7.35,9.22,10.89,19.03,8.25,2.01
20-Aug-2021 - 00:00,44.58,None,30.36,22.47,36.63,16.75,6.69,1.32
21-Aug-2021 - 00:00,31.34,None,47.69,30.54,55,22.15,6.59,1.68
22-Aug-2021 - 00:00,43.08,None,46.11,30.29,53.6,21.88,6.11,1.48
23-Aug-2021 - 00:00,43.65,61.48,48.71,30.9,56.04,11.09,5.99,1.53
24-Aug-2021 - 00:00,57.71,71.18,58.18,37.97,67.48,1.97,6.59,1.76
25-Aug-2021 - 00:00,41.71,None,28,20.34,33.59,14.81,6.58,1.04
26-Aug-2021 - 00:00,35.34,None,10.77,14.62,16.54,22.76,6.42,0.97
27-Aug-2021 - 00:00,53.61,None,11.34,15.05,17.23,22.79,7.28,1.37
28-Aug-2021 - 00:00,62.71,None,9.73,12.73,14.67,22.79,7.26,1.61
29-Aug-2021 - 00:00,64.94,None,10.06,13.28,15.23,22.8,6.63,1.35
30-Aug-2021 - 00:00,34.78,None,10.07,13.35,15.29,22.87,6.97,1.03
31-Aug-2021 - 00:00,28.67,None,9.08,12.13,13.84,22.76,6.82,1.46
01-Sep-2021 - 00:00,33.52,None,9.92,12.56,14.75,22.85,7.06,1.49
02-Sep-2021 - 00:00,36.59,None,10.88,13.77,16.17,22.68,7.1,1.89
03-Sep-2021 - 00:00,35.73,None,10.91,14.3,16.48,22.65,6.64,1.35
04-Sep-2021 - 00:00,36.42,None,9.16,12.25,13.96,22.81,7.71,1.59
05-Sep-2021 - 00:00,53.52,None,10.59,13.79,15.95,22.8,7.91,1.78
06-Sep-2021 - 00:00,69.54,None,11.33,14.45,16.9,22.7,8.58,2.38
07-Sep-2021 - 00:00,53.75,None,9.23,12.27,14.04,22.84,7.87,1.36
08-Sep-2021 - 00:00,30.51,None,10.44,13.38,15.61,22.81,7.26,1.09
09-Sep-2021 - 00:00,37.71,None,16.27,17.54,22.56,27.57,6.18,1.22
10-Sep-2021 - 00:00,38.01,None,16.97,16.24,22.42,32.12,6.43,1.15
11-Sep-2021 - 00:00,31.26,None,16.49,15.08,21.42,32.25,6.82,0.95
12-Sep-2021 - 00:00,41.35,None,18.44,16.95,24.02,32.35,5.93,1.55
13-Sep-2021 - 00:00,54.1,None,19.22,18.02,25.2,32.28,6.6,1.5
14-Sep-2021 - 00:00,38.06,None,22.12,20.96,29.14,32.78,13.07,1.03
15-Sep-2021 - 00:00,31.53,None,22,21.02,29.07,32.71,8.43,1.19
16-Sep-2021 - 00:00,30.67,None,17.5,15.5,22.47,32.23,6.79,1.52
17-Sep-2021 - 00:00,34.43,None,18.28,17.06,23.94,32.34,6.3,0.82
18-Sep-2021 - 00:00,41.69,None,13.98,13.26,18.41,31.74,6.35,0.79
19-Sep-2021 - 00:00,37.5,None,15.17,14.4,19.99,31.83,5.79,0.75
20-Sep-2021 - 00:00,37.28,None,18.13,16.88,23.73,32.27,6.47,0.98
21-Sep-2021 - 00:00,36.75,None,17.82,16.4,23.21,32.01,6.53,0.82
22-Sep-2021 - 00:00,32.57,None,15.81,14.58,20.6,32.03,6.68,0.57
23-Sep-2021 - 00:00,29.03,None,17.9,16.33,23.24,32.25,5.57,0.52
24-Sep-2021 - 00:00,34.56,None,16.8,15.04,21.65,32.02,6.3,0.75
25-Sep-2021 - 00:00,49.23,None,13.47,12.7,17.7,31.88,6.26,0.33
26-Sep-2021 - 00:00,46.71,None,17.79,15.94,22.93,32.42,7.47,0.47
27-Sep-2021 - 00:00,62.35,None,19.16,17.5,24.89,32.5,6.44,0.54
28-Sep-2021 - 00:00,61.09,None,18.25,16.75,23.74,32.45,7.51,1.03
29-Sep-2021 - 00:00,36.61,None,20.26,18.07,26.09,32.64,6.43,0.77
30-Sep-2021 - 00:00,43.8,None,22.5,20.35,29.11,32.78,6.98,0.67
01-Oct-2021 - 00:00,61.61,None,21.79,28.53,32.9,82.97,6.88,1.88
02-Oct-2021 - 00:00,56.37,None,28.13,21.94,34.54,150.74,6.79,1.2
03-Oct-2021 - 00:00,32.8,None,16.71,14.91,21.51,71.74,6.08,0.5
04-Oct-2021 - 00:00,24.49,None,22.71,22.87,30.63,58.15,6.61,0.93
05-Oct-2021 - 00:00,48.23,None,26.94,21.68,33.44,50.89,6.33,1.39
06-Oct-2021 - 00:00,52.37,None,18.93,18.03,24.98,41.55,6.69,0.59
07-Oct-2021 - 00:00,61.73,None,18.17,18.01,24.35,42.14,6.28,0.61
08-Oct-2021 - 00:00,71.44,None,25.09,22.83,32.54,51.44,8.11,1.64
09-Oct-2021 - 00:00,63.44,None,32.3,29.55,41.97,64.91,7.94,1.56
10-Oct-2021 - 00:00,61.11,None,35.53,32.6,46.22,70.25,8.56,1.83
11-Oct-2021 - 00:00,57.1,None,41.83,32.14,51.11,68.57,7.66,2.23
12-Oct-2021 - 00:00,41.06,None,21.59,20.76,28.62,47.2,7.11,0.48
13-Oct-2021 - 00:00,79.22,None,21.34,18.92,27.41,44.37,12.26,0.59
14-Oct-2021 - 00:00,70.89,None,18.15,15.9,23.21,37.71,10.75,0.64
15-Oct-2021 - 00:00,90.79,None,18.62,15.73,23.51,37.44,12.09,1.94
16-Oct-2021 - 00:00,143.65,None,33.18,21.36,38.33,48.32,12.15,3.48
17-Oct-2021 - 00:00,44.5,None,17.83,15.91,22.96,38.28,6.96,1.03
18-Oct-2021 - 00:00,15.35,None,18.38,16.65,23.8,36.75,5.51,0.58
19-Oct-2021 - 00:00,55.61,None,15.63,19.72,23.19,29.36,7.16,1
20-Oct-2021 - 00:00,105.9,None,21.34,28.3,32.41,30.8,9.44,2.68
21-Oct-2021 - 00:00,65.89,None,17.37,24.23,27.01,30.9,9.88,1.89
22-Oct-2021 - 00:00,50.13,None,65.88,66.35,88.85,35.92,12.09,3.29
23-Oct-2021 - 00:00,74.26,None,44.42,43.73,59.37,43.89,14.02,3.35
24-Oct-2021 - 00:00,75.34,None,23.43,24.28,31.97,35.49,9.74,1.55
25-Oct-2021 - 00:00,44.77,None,18.71,19.35,25.51,29.08,9.49,1.35
26-Oct-2021 - 00:00,71.71,None,30.18,27.12,38.97,28.12,11.29,2.62
27-Oct-2021 - 00:00,112.94,None,27.42,26.17,36.21,35.67,15.29,2.62
28-Oct-2021 - 00:00,84.7,None,31.27,28.03,40.33,32.99,11.91,3.12
29-Oct-2021 - 00:00,116.05,None,39.95,34.65,50.91,43.64,15.02,4.06
30-Oct-2021 - 00:00,124.4,None,29.54,28.12,38.99,35.34,14.36,2.83
31-Oct-2021 - 00:00,143.44,None,32.5,27.9,41.26,32.95,15.32,3.1
