date,PM2dot5,PM10,NO,NO2,NOx,NH3,SO2,CO,Ozone,Wind speed
01-Jan-2019 - 00:00,407.94,581.72,66.69,100.93,146.2,73.21,23.52,2.98,20.38,0.3
02-Jan-2019 - 00:00,465.07,631.64,98.53,116.32,176.16,84.44,22.56,3.66,20.94,0.38
03-Jan-2019 - 00:00,437.71,605.65,37.34,91.1,114.19,98.68,18.9,3.13,19.11,0.47
04-Jan-2019 - 00:00,313.42,510.71,38.64,72.73,70.16,77.6,13.05,3.07,10.2,0.44
05-Jan-2019 - 00:00,295.88,502.12,61.34,78.75,89.64,72.41,17.32,3.1,21.11,0.72
06-Jan-2019 - 00:00,202.5,324.25,16.63,64.37,45.93,73.86,16.88,2.29,24.59,0.52
07-Jan-2019 - 00:00,247.04,412.22,30.15,69.73,61.68,79.37,19.39,2.66,16.93,0.56
08-Jan-2019 - 00:00,192,320.94,17.9,64.24,48.47,59.72,19.59,2.16,15.43,0.6
09-Jan-2019 - 00:00,193.83,316.17,21.87,66.99,51.25,44.12,21.74,1.81,19.16,0.73
10-Jan-2019 - 00:00,253.04,352.92,38.53,79.05,87.63,43.64,24.08,3.56,30.19,0.49
11-Jan-2019 - 00:00,346.74,477.17,100.66,92.05,162,63.06,19.56,2.45,29.67,0.23
12-Jan-2019 - 00:00,280.96,527.67,100.1,104.35,144.32,71.61,17.95,3.52,32.62,0.37
13-Jan-2019 - 00:00,259.42,481.21,44.27,82.04,88.78,93.42,21.01,3.67,32.81,0.62
14-Jan-2019 - 00:00,115.17,240.25,10.37,60.49,40.07,57.05,19.6,1.48,37.16,0.86
15-Jan-2019 - 00:00,160.16,303.49,30.99,72.64,63.9,54.77,22.51,2.05,30.91,0.62
16-Jan-2019 - 00:00,300.23,535.17,91.96,106.19,180.17,82.85,26.41,3.9,23.89,0.34
17-Jan-2019 - 00:00,349.2,595.61,75.34,106.11,124.99,98.77,23.37,3.21,26.35,0.46
18-Jan-2019 - 00:00,280.96,474.22,57.26,90.79,86.76,82.63,23.97,2.7,26.12,0.43
19-Jan-2019 - 00:00,399.14,482.12,106.9,99.03,141.65,90.94,29.23,3.89,30.69,0.26
20-Jan-2019 - 00:00,401.38,653.97,135.2,143.16,267.74,105.6,24.49,6.14,39.21,0.24
21-Jan-2019 - 00:00,216.21,379.44,69.54,80.37,104.66,83.27,24.65,1.72,53.86,1.23
22-Jan-2019 - 00:00,62.65,96.99,9.43,51.6,32.22,45.64,11.61,1.47,28.06,1.01
23-Jan-2019 - 00:00,177.95,314.25,56.4,67.72,81.99,62.2,20.17,2.58,21.88,0.32
24-Jan-2019 - 00:00,119.64,223.95,19.96,55.03,43.24,60.86,17.04,1.69,25,0.66
25-Jan-2019 - 00:00,106.6,191.76,9.96,60.17,38.43,51.5,18.45,1.66,24.88,0.76
26-Jan-2019 - 00:00,136.73,243.48,5.01,55.09,31.7,54.93,20.22,1.58,34.73,0.8
27-Jan-2019 - 00:00,171.6,298.72,11.1,66.5,43.8,54.38,22.98,1.79,,0.69
28-Jan-2019 - 00:00,157.04,283.38,18.01,68.35,48.03,51.43,22.48,1.79,26.69,0.76
29-Jan-2019 - 00:00,183.3,328.47,28.52,71.47,56.41,53.39,27.34,2.09,22.49,0.65
30-Jan-2019 - 00:00,275.21,432,60.85,86.38,95.84,62.23,32.75,3.06,23.61,0.4
31-Jan-2019 - 00:00,194.12,366.21,56.84,76.77,80.12,66.62,26.87,2.2,36.36,0.91
01-Feb-2019 - 00:00,196.5,339.54,18.14,69.09,51.53,76.04,21.13,2.02,26.52,0.71
02-Feb-2019 - 00:00,194.01,324.44,15.37,48.94,35.2,63.48,11.62,1.94,25.65,0.71
03-Feb-2019 - 00:00,158.94,279.76,22.74,47.44,43.77,58.25,11.98,2.1,23.84,0.56
04-Feb-2019 - 00:00,223.44,415.45,53.75,70.35,97.68,50.95,16.63,3.12,32.67,0.4
05-Feb-2019 - 00:00,272.35,505.79,94.62,90.84,156.41,66.16,24.61,3.51,35.29,0.42
06-Feb-2019 - 00:00,166.59,314.17,53.35,66.02,78.93,68.53,16.63,2.31,32.49,1.02
07-Feb-2019 - 00:00,63.04,117.42,10.05,38.7,28.78,45.83,11.76,1.42,31.21,1.71
08-Feb-2019 - 00:00,98.12,198.5,35.11,54.41,57.58,42.16,15.26,1.67,25.73,0.64
09-Feb-2019 - 00:00,122.45,235.96,18.77,53.06,43.52,43.41,17.2,1.69,31.84,0.78
10-Feb-2019 - 00:00,183.51,332.18,33.09,64.77,61.41,49.28,24.05,1.98,31.82,0.46
11-Feb-2019 - 00:00,225.98,406.57,64.47,71.38,90.54,67.72,23.54,2.51,34.25,0.36
12-Feb-2019 - 00:00,239,425.38,53.51,71.2,81.56,71.2,27.07,2.39,40.8,0.31
13-Feb-2019 - 00:00,209.29,388.92,73.53,92.69,110.39,68.54,21.34,3.18,40.03,0.29
14-Feb-2019 - 00:00,153.58,252.38,23.74,57.33,49.82,61.74,14.78,1.75,34.68,1.19
15-Feb-2019 - 00:00,148.04,235.42,19.25,48.65,41.6,60.16,15.05,1.79,17.66,0.62
16-Feb-2019 - 00:00,128.25,209.5,11.21,38.7,29.73,52.82,12.7,1.66,14.55,0.74
17-Feb-2019 - 00:00,130.38,227.04,17.37,50.35,40.93,49.47,16.63,1.85,28.03,0.67
18-Feb-2019 - 00:00,113.91,224.25,23.45,67.73,55.14,46.43,18.86,1.83,27.41,0.87
19-Feb-2019 - 00:00,144.65,261,33.54,70.13,64.65,61.52,16.37,2.15,42.03,0.41
20-Feb-2019 - 00:00,98.52,182.18,34.23,54.58,56.95,53.51,15.59,2.11,13.12,0.58
21-Feb-2019 - 00:00,92.77,214.02,57.36,51.91,74.64,49.01,20.24,2.38,41.89,0.8
22-Feb-2019 - 00:00,95.38,187.88,15.62,38.69,33.33,53.07,16.43,1.39,27.34,1.26
23-Feb-2019 - 00:00,91.54,184,9.38,46.01,32.12,38.02,18.48,1.55,39.39,1.23
24-Feb-2019 - 00:00,118.29,213.58,11.38,54.5,38.29,39.1,21.24,1.57,40.06,0.72
25-Feb-2019 - 00:00,94.25,182.38,21.58,58.07,48.5,45.78,19.59,1.51,43.66,0.49
26-Feb-2019 - 00:00,65.57,135.88,27.28,51.62,49.75,39.28,17.19,1.62,32.83,0.61
27-Feb-2019 - 00:00,65.43,117.53,14.7,39.3,32.89,34.61,12.78,1.6,14.87,0.67
28-Feb-2019 - 00:00,129.46,241.46,40.21,49.8,59.28,42.35,21.66,1.63,30.81,0.82
01-Mar-2019 - 00:00,124.64,244.72,29,53.21,51.95,40.84,18.84,1.54,30.78,0.73
02-Mar-2019 - 00:00,118.3,212.67,34.85,65.69,63.35,53.16,19.64,1.5,10.48,0.34
03-Mar-2019 - 00:00,69.42,125.86,20.94,42.03,39.46,39.51,15.89,1.55,27.78,0.64
04-Mar-2019 - 00:00,104.52,198.2,33.27,38.02,47.35,47.25,16.35,1.55,29.66,0.81
05-Mar-2019 - 00:00,96.31,239.44,14.76,44.17,35.52,41.17,18.44,1.47,27.02,0.91
06-Mar-2019 - 00:00,107.41,223.96,28.02,55.41,51.91,40.5,18.66,1.66,30.65,0.81
07-Mar-2019 - 00:00,138,286.5,37.57,61.56,63.39,44.69,23.19,1.86,35.66,0.52
08-Mar-2019 - 00:00,101.88,209.42,24.51,55.05,49.3,47.14,21.44,1.51,34.88,0.71
09-Mar-2019 - 00:00,95.58,210.83,16.97,50.01,40.45,46.92,22.89,1.33,28.8,1.18
10-Mar-2019 - 00:00,105,220.07,12.87,57.56,41.16,37.68,22.37,1.76,43.09,0.76
11-Mar-2019 - 00:00,97.73,235.55,21.03,64.46,51.38,38.96,18.85,1.52,36.36,1.17
12-Mar-2019 - 00:00,69.45,148.18,10.69,43.01,31.6,43.13,15.89,1.42,26.16,0.95
13-Mar-2019 - 00:00,111.25,248.03,21.39,59.62,49.21,45.75,24.95,1.63,22.18,0.49
14-Mar-2019 - 00:00,113.73,232.41,35.7,51.35,56.44,54.31,21.13,1.73,16.52,0.84
15-Mar-2019 - 00:00,96.69,210.02,27.12,45.63,46.43,47.4,25.07,1.55,31.54,1.06
16-Mar-2019 - 00:00,89.38,203.58,9.74,47.54,33.25,38.66,21.6,1.48,52.19,1.06
17-Mar-2019 - 00:00,126.08,272.12,16.23,55.49,42.74,42.45,28.33,1.83,46.66,0.73
18-Mar-2019 - 00:00,132.88,290,17.01,57.43,44.46,45.8,34.64,1.52,53.61,0.63
19-Mar-2019 - 00:00,140.79,317.21,33.21,62.41,60.24,43.8,29.27,2,47.29,0.61
20-Mar-2019 - 00:00,128.17,306.5,33.94,62.15,60.68,45.02,30.28,1.9,58.13,0.75
21-Mar-2019 - 00:00,115.71,216.67,7.28,33.35,23.67,54.46,25.9,1.74,48.47,0.7
22-Mar-2019 - 00:00,61.42,155.54,4.53,33.24,21.38,38.7,22.88,1.15,58.16,1.33
23-Mar-2019 - 00:00,78.75,185.58,4.39,37.1,23.3,34.79,23.99,1.47,64.8,1.33
24-Mar-2019 - 00:00,84.58,190.71,8.25,39.09,27.53,35.65,25.75,1.29,43.63,1.05
25-Mar-2019 - 00:00,85.21,182.5,8.41,36.47,26.27,40.25,23.84,1.51,37.79,1.05
26-Mar-2019 - 00:00,104.04,229.42,9.94,42.43,30.66,41.94,30.19,1.44,50.11,0.95
27-Mar-2019 - 00:00,123.42,276.83,21.91,53.09,46.24,40.13,31.83,1.91,51.98,0.64
28-Mar-2019 - 00:00,151.71,328.67,41.09,61.81,66.29,42.31,46.35,2.19,62.84,0.35
29-Mar-2019 - 00:00,153.08,328.83,53.42,65.2,90.74,62.69,27.27,2.25,58.48,0.43
30-Mar-2019 - 00:00,114.25,250.17,18.6,53.51,43.61,64.49,30.88,1.84,56.19,0.43
31-Mar-2019 - 00:00,89.17,221.88,6.34,38.59,25.65,43.94,25.64,1.63,58.54,1.02
01-Apr-2019 - 00:00,91.88,230.62,6.65,44.77,29.23,36.61,26.7,,62.52,0.95
02-Apr-2019 - 00:00,138.74,308.01,9.46,61.98,40.68,28.2,30.54,1.76,78.95,0.65
03-Apr-2019 - 00:00,116.18,257.53,17.17,58.21,44.92,37.11,30.11,1.79,59.43,0.45
04-Apr-2019 - 00:00,135.36,280.01,23.03,65.09,53.41,43.44,42.54,2.03,57.96,0.39
05-Apr-2019 - 00:00,148.88,325.21,49.16,67.35,76.51,54.24,46.04,2.42,36.31,0.45
06-Apr-2019 - 00:00,145.54,346.21,21.91,53.39,46.26,49.33,33.77,1.89,56.71,0.53
07-Apr-2019 - 00:00,240.08,400.09,15.44,43.2,35.57,71.22,30.96,1.88,54.26,1.01
08-Apr-2019 - 00:00,127.83,302.92,15.49,52.58,40.61,53.83,21.85,1.61,46.94,0.45
09-Apr-2019 - 00:00,126.92,270.25,28.43,59.33,54.71,47.89,30.51,1.97,49.88,0.4
10-Apr-2019 - 00:00,131,290.83,32.07,55,55.47,55.09,28.78,1.86,57.14,0.54
11-Apr-2019 - 00:00,93,219.42,18.52,56.68,44.91,51.22,26.65,1.59,49.95,0.58
12-Apr-2019 - 00:00,91.08,235.58,10.84,47.37,34.03,53.93,21.75,1.5,51.01,0.74
13-Apr-2019 - 00:00,72.17,186.79,10.71,45.34,32.85,49.64,22.46,1.36,47.81,0.96
14-Apr-2019 - 00:00,88.54,220.12,11.88,44.21,33.21,47.49,24.4,1.5,42.23,0.84
15-Apr-2019 - 00:00,81.79,218.12,33.02,52.58,54.91,48.57,26.8,1.99,41.51,0.73
16-Apr-2019 - 00:00,91.83,173.22,8.26,35.93,25.85,44.78,15.67,1.16,51.53,1.33
17-Apr-2019 - 00:00,33.92,76.92,6.61,35.23,24.15,30.07,15.46,1.23,56.39,1.19
18-Apr-2019 - 00:00,51.5,121.08,11.16,42.78,31.87,29.63,18.38,1.49,64.05,0.46
19-Apr-2019 - 00:00,89.17,206.46,17.81,53.45,42.94,40.62,29.25,1.61,55.54,0.5
20-Apr-2019 - 00:00,91.75,240,21.17,59.93,49.2,36.74,36.56,2.16,70.14,0.34
21-Apr-2019 - 00:00,113.4,300,33.23,62.67,60.44,39.95,30.84,1.94,59.26,0.38
22-Apr-2019 - 00:00,107.02,278.65,25.78,57.16,51.43,53.08,33.11,2.18,61.1,0.4
23-Apr-2019 - 00:00,119.45,331.92,46.96,68.08,74.5,53.98,33.34,2.1,65.92,0.43
24-Apr-2019 - 00:00,107.34,309.6,7.12,50.24,32.51,57.31,23.18,1.75,79.05,0.82
25-Apr-2019 - 00:00,100.25,293.16,9.7,40.21,29.31,60.56,22.24,1.49,69.58,0.74
26-Apr-2019 - 00:00,115.58,319.46,23.77,49.33,45.62,48.37,30.93,1.71,55.45,0.64
27-Apr-2019 - 00:00,125.92,378.33,10.17,44.68,32.04,45.81,26.47,1.41,56.65,1.05
28-Apr-2019 - 00:00,116.92,348.67,13.06,49.26,36.87,41.96,24.22,1.43,53.26,0.88
29-Apr-2019 - 00:00,110.12,313,22.01,56.85,48.18,41.36,30.38,1.64,52.37,0.51
30-Apr-2019 - 00:00,106.22,322.96,19.98,65.21,50.98,44.25,34.07,1.7,72.48,0.78
01-May-2019 - 00:00,124.21,331.92,29.92,60.18,56.54,46.22,31.58,2.11,72.75,0.38
02-May-2019 - 00:00,94.92,279.46,11.52,36.81,29.02,48.32,19.85,1.24,84.63,0.88
03-May-2019 - 00:00,53.14,143.25,12.63,41.47,32.36,37.94,20.44,1.32,83.79,0.57
04-May-2019 - 00:00,90.67,250.43,15.96,49.51,39.35,45.89,32.2,1.38,67.83,0.66
05-May-2019 - 00:00,57.5,281.69,33.06,52.85,55.11,29.52,21.48,2.29,84.15,0.8
06-May-2019 - 00:00,149.79,365.56,52.36,63.05,80.53,37.3,35.47,2.06,67.75,0.54
07-May-2019 - 00:00,165.74,449.22,58.87,62.77,94.1,41.95,31.66,2.45,43.29,0.48
08-May-2019 - 00:00,142.53,471.69,48.45,55.39,89.58,41.66,34.65,1.89,62.14,0.56
09-May-2019 - 00:00,139.36,449.78,27.79,56.84,52.89,39.36,32.72,2.01,57.02,0.54
10-May-2019 - 00:00,111.53,362.7,8.22,36.89,26.34,28.92,22.57,1.37,62.68,0.65
11-May-2019 - 00:00,101.15,317.81,10.05,45.38,32.34,38.19,28.9,1.91,71.82,0.66
12-May-2019 - 00:00,199.29,458.94,7.65,41.74,28.43,42.23,27.43,1.77,75.2,0.69
13-May-2019 - 00:00,106.79,364.29,13.56,42.32,33.54,50.69,45.16,1.74,78.43,0.68
14-May-2019 - 00:00,52.5,151.17,8.9,41.17,29.16,54.43,19.31,1.5,68.94,0.47
15-May-2019 - 00:00,75.21,239.21,29,55.74,53.26,59.77,30.06,2.09,45.69,0.64
16-May-2019 - 00:00,90.75,262.09,32.37,52.69,54.47,58.11,21.6,2.11,52.08,0.6
17-May-2019 - 00:00,120.88,306.54,42.93,40.86,56.75,64.17,17.34,1.83,53.44,0.57
18-May-2019 - 00:00,53.58,126.38,8.33,36.05,25.96,50.67,15.78,1.56,55.81,0.58
19-May-2019 - 00:00,82.17,201.75,12.84,46.51,35.22,44.67,26.52,1.81,79.38,0.53
20-May-2019 - 00:00,86.85,277.04,26.87,51.55,49.47,46.76,29.01,1.91,69.73,0.56
21-May-2019 - 00:00,75.77,229.96,11.29,44.06,32.66,34.88,31.03,1.53,74.4,0.57
22-May-2019 - 00:00,104.87,273.88,34.71,50.53,61.3,40.18,28.05,2.18,49.67,0.35
23-May-2019 - 00:00,95.29,312.08,32.82,53.21,55.06,54.6,34.67,1.56,67.54,0.41
24-May-2019 - 00:00,57.33,145.79,16.24,39.6,34.29,59.69,18.11,1.8,30.96,0.88
25-May-2019 - 00:00,57.71,159.55,6.4,34.55,23.61,40,19.79,1.36,63.33,0.87
26-May-2019 - 00:00,63.86,189.67,10.4,45.68,32.78,33.37,26.84,1.74,69.94,0.73
27-May-2019 - 00:00,95.33,228.22,24.73,65.76,55.13,35.15,28.36,1.74,65.9,0.54
28-May-2019 - 00:00,74.13,227.79,29.93,78.33,63.31,26.41,26.16,1.91,70.7,0.65
29-May-2019 - 00:00,101.07,263.62,29.29,81.67,68.49,35.53,33.14,2.68,73.38,0.47
30-May-2019 - 00:00,129.02,304.51,57.61,80.78,94.27,36.47,35.75,2.4,59.89,0.49
31-May-2019 - 00:00,94,357.89,40.39,72.84,76.77,41.91,29.32,2.22,67.68,0.45
01-Jun-2019 - 00:00,113.78,310.74,42.35,74.64,88.54,69.27,32.79,1.67,66.12,0.6
02-Jun-2019 - 00:00,72.76,223.06,1.68,42.95,24.05,61.53,24.34,1.3,65.2,1.07
03-Jun-2019 - 00:00,54.16,309.65,2.36,42.77,24.55,45.52,21.29,1.08,79.03,1.58
04-Jun-2019 - 00:00,48.83,173.17,2.57,43.13,25.01,33.09,24.2,1.41,92.17,1.14
05-Jun-2019 - 00:00,75.75,217.5,9.58,50.02,34.43,43.51,24.23,1.61,78.96,0.64
06-Jun-2019 - 00:00,81.12,243.25,13.89,43.65,34,41.73,24.7,1.35,76.29,0.69
07-Jun-2019 - 00:00,56.58,149.5,2.24,33.85,19.68,35,22.59,1.33,85.13,0.7
08-Jun-2019 - 00:00,72.71,198.18,17.46,63.73,48.04,35.77,19.09,2.08,59.9,0.56
09-Jun-2019 - 00:00,123.54,290.72,53.38,60.14,74.43,,35.42,2.21,65.24,0.29
10-Jun-2019 - 00:00,96.09,272.66,60.8,69.63,91.9,27.3,24.6,3.28,42.01,0.53
11-Jun-2019 - 00:00,110.25,438.32,45.66,52.21,65.59,23.58,24.32,2.56,22.33,0.55
12-Jun-2019 - 00:00,59.96,226.17,7.59,33.07,23.62,23.54,18,1.27,62.49,1.44
13-Jun-2019 - 00:00,65,190.17,5.33,39.51,24.98,23.74,19.62,1.81,56.14,0.5
14-Jun-2019 - 00:00,79.04,215.21,6.16,45.82,29.38,19.24,23.78,1.2,73.31,0.74
15-Jun-2019 - 00:00,126.12,317.46,12.01,52.99,37.95,17.43,30.34,1.21,72.62,0.72
16-Jun-2019 - 00:00,63.42,167.25,2.53,25.46,15.6,23.83,15.39,1.44,37.51,0.91
17-Jun-2019 - 00:00,53.46,143.46,3.92,30.01,19.16,22.1,17.49,1.11,50.19,0.84
18-Jun-2019 - 00:00,41,96.04,6.06,40.97,26.74,20.67,13.72,1.36,53.2,0.88
19-Jun-2019 - 00:00,85.21,210.12,7.94,36.68,25.7,26.73,23.09,1.17,63.21,0.58
20-Jun-2019 - 00:00,49.18,134,5.16,36.34,23.41,21.51,15.89,1.34,64.43,0.62
21-Jun-2019 - 00:00,75.91,196.11,4.75,52.71,31.89,25.74,18.96,1.66,69.62,0.49
22-Jun-2019 - 00:00,82.75,200.72,9.97,48.12,33.51,28.26,27.88,1.43,90.48,0.55
23-Jun-2019 - 00:00,41.39,128.78,1.91,24.92,14.75,27.37,19.02,1.15,73.08,1.16
24-Jun-2019 - 00:00,26.45,81.65,3.81,28.04,18.01,21.92,17.73,1.21,33.41,1.06
25-Jun-2019 - 00:00,51.07,116.55,4.05,31.75,20.07,19.96,20.27,1.29,52.8,0.41
26-Jun-2019 - 00:00,82.91,175.5,7.27,39.32,26.81,25.33,22.97,1.67,38.08,0.66
27-Jun-2019 - 00:00,82.79,257.36,7.5,50,32.66,25.74,26.94,1.49,42.98,0.72
28-Jun-2019 - 00:00,84.05,246.53,11.07,43.49,32.19,23.16,22.87,1.52,35.89,0.72
29-Jun-2019 - 00:00,92.51,292.76,10.79,42.58,31.45,20.42,20.66,1.54,35.68,0.61
30-Jun-2019 - 00:00,89.46,263.72,20.19,37.46,36.37,24.87,17.52,1.39,34.12,0.73
01-Jul-2019 - 00:00,68.2,174.47,3.8,31,19.58,25.05,17.76,1.13,69.38,0.39
02-Jul-2019 - 00:00,86.29,212.78,3.34,29.52,18.42,22.15,19.59,1.12,61.93,0.64
03-Jul-2019 - 00:00,43.17,123.42,4.04,32.98,20.81,27.69,16.86,1.2,42.03,1.05
04-Jul-2019 - 00:00,34.75,83.75,7.44,32.3,23.24,23.33,12.53,1.12,15.32,0.89
05-Jul-2019 - 00:00,49.46,108.11,15.91,38.68,33.56,35.24,17.15,1.52,13.22,0.83
06-Jul-2019 - 00:00,33.27,85.07,11.26,36.6,28.67,25.29,14.87,1.28,29.93,0.84
07-Jul-2019 - 00:00,39.52,93.79,3.93,29.47,18.87,21.76,15.23,1.3,31.75,0.47
08-Jul-2019 - 00:00,62.68,150.83,6.81,40.84,27.28,22.15,16.19,1.43,29.98,0.56
09-Jul-2019 - 00:00,52.7,119.25,8.26,34.75,25.23,34.3,13.05,1.29,13.21,0.51
10-Jul-2019 - 00:00,114.03,297.67,10.74,33.25,26.44,52.38,11.95,1.21,8.89,0.57
11-Jul-2019 - 00:00,114.92,311.7,9.59,27.3,22.35,69.49,12.21,1.35,7.02,0.59
12-Jul-2019 - 00:00,107.65,380.46,10.94,27.64,23.62,52.85,13.42,1.36,8.24,0.61
13-Jul-2019 - 00:00,84.09,257.92,7.33,24.51,19.01,41.71,12.56,1.17,10.83,0.65
14-Jul-2019 - 00:00,92.12,243.25,5.66,24.84,17.81,30.9,13.06,0.93,10.65,0.61
15-Jul-2019 - 00:00,43.58,111.71,6.94,29.75,21.48,43.34,12.55,1.39,13.72,0.78
16-Jul-2019 - 00:00,30.92,58.88,5.01,25.54,17.66,39.86,11.66,1.05,10.28,0.67
17-Jul-2019 - 00:00,35.04,61.88,7.55,32.52,23.45,44.23,11.17,1.23,17.29,0.46
18-Jul-2019 - 00:00,48.96,104.53,12.1,47.85,35.3,35.93,11.68,2.02,27.64,0.39
19-Jul-2019 - 00:00,68.58,160.92,31.96,46.01,50.49,38.2,14.26,1.61,65.19,0.36
20-Jul-2019 - 00:00,51.29,117.17,8.35,43.77,30.07,48.22,12.87,1.43,21.47,0.47
21-Jul-2019 - 00:00,49.33,107.75,19.76,40.69,37.76,48.04,12.53,1.78,45.33,0.57
22-Jul-2019 - 00:00,62.54,119.96,27.19,35.63,41.12,55.24,12.61,1.9,36.4,0.43
23-Jul-2019 - 00:00,78.29,151.17,22.15,43.2,41.03,60.04,13.58,2.14,23.55,0.31
24-Jul-2019 - 00:00,64.06,155.48,28.25,42.93,45.84,60.64,13.51,1.96,33.8,0.48
25-Jul-2019 - 00:00,24.15,69,6.22,31.08,21.61,44.41,11.89,1.2,17.06,0.6
26-Jul-2019 - 00:00,30.81,67.04,8.03,26.76,20.77,39.24,13.03,1.02,33.29,0.62
27-Jul-2019 - 00:00,24.85,50.76,7.55,27.81,20.8,30.74,12.53,1.1,35.87,0.79
28-Jul-2019 - 00:00,26.38,60.17,8.64,24.42,20.03,39.3,14.49,0.99,45.99,1.05
29-Jul-2019 - 00:00,29.88,74.5,10.29,25.1,21.73,44.18,15,1.13,27.88,0.92
30-Jul-2019 - 00:00,37.38,89.5,9.62,25.17,21.21,46.64,14.66,1.03,15.49,0.67
31-Jul-2019 - 00:00,38.17,83.08,8.73,27.79,21.9,42.9,13.91,1.14,25.19,0.63
01-Aug-2019 - 00:00,42.04,101.96,10.26,31.91,25.32,42.89,14.39,1.15,27.83,0.8
02-Aug-2019 - 00:00,33.83,83.67,6.45,28.55,20.45,42.81,13.27,1.05,17.66,0.65
03-Aug-2019 - 00:00,41.5,89.21,11.69,30.29,25.61,44.24,13.13,1.24,18.64,0.57
04-Aug-2019 - 00:00,45.46,96.42,11,30.42,25.16,43.98,14.64,1.31,16.02,0.49
05-Aug-2019 - 00:00,56.58,131.25,18.36,42.49,37.57,45.38,15.21,1.7,38.97,0.53
06-Aug-2019 - 00:00,28.88,79.55,10.16,33.59,26.07,47.87,11.91,1.35,15.73,0.48
07-Aug-2019 - 00:00,25.95,,9.54,26.24,21.72,36.7,12.43,1.19,13.33,0.48
08-Aug-2019 - 00:00,35.67,97.24,13.06,30.34,26.8,41.62,14.59,1.34,35.28,0.54
09-Aug-2019 - 00:00,10.5,61.98,6.41,19.82,15.77,38.13,13.35,0.88,22.26,1.54
10-Aug-2019 - 00:00,21.92,54.45,6.66,22.94,17.62,32.3,12.86,0.92,26.56,1.46
11-Aug-2019 - 00:00,40.77,94.59,8.96,28.17,22.28,36.64,13.05,1.15,26.29,0.62
12-Aug-2019 - 00:00,28.33,73.01,8.13,31.5,23.4,43.6,12.2,1.1,17.85,0.36
13-Aug-2019 - 00:00,28.25,69.65,13.11,26.9,25,38.9,11.15,1.27,12.62,0.67
14-Aug-2019 - 00:00,34.9,72.76,6.22,29.1,20.54,40.6,12.58,1.32,31.84,0.44
15-Aug-2019 - 00:00,24.42,56.24,6.02,19.77,15.43,40.74,11.04,0.95,15.86,0.72
16-Aug-2019 - 00:00,14.58,40.62,5.83,19.94,15.37,31.47,10.71,0.99,17.41,1.17
17-Aug-2019 - 00:00,9.04,20.33,7.6,16.8,15.14,26.93,10.37,0.92,10.19,1.53
18-Aug-2019 - 00:00,21.88,39.71,11.93,25.63,23.34,26.94,10.13,1.35,12.49,0.44
19-Aug-2019 - 00:00,57.33,104.04,29.46,32.39,41.25,32.5,11.39,1.83,36.66,0.44
20-Aug-2019 - 00:00,58.29,121.75,13.8,31.48,27.98,63.97,12.06,1.33,34.89,0.75
21-Aug-2019 - 00:00,56.25,141.83,7.83,34.44,24.7,64.67,11.19,1.26,25.72,0.69
22-Aug-2019 - 00:00,59.54,154.12,24.09,48.12,45.24,64.76,13.49,1.59,18.86,0.42
23-Aug-2019 - 00:00,61.54,160.25,41.99,41.94,56.54,64.74,13.55,1.41,20.27,0.42
24-Aug-2019 - 00:00,67.96,156.88,35.03,44.43,52.21,64.72,13.73,1.61,25.51,0.43
25-Aug-2019 - 00:00,35.25,69.54,10.91,31.92,25.89,56.74,12.95,1.08,19.2,0.55
26-Aug-2019 - 00:00,26.75,69.54,15.29,30.73,28.78,47.14,13.41,1.29,22.9,0.64
27-Aug-2019 - 00:00,51,127.33,28.61,39.72,44.47,47.97,17.18,1.42,55.96,0.37
28-Aug-2019 - 00:00,54.04,125.44,27.51,38.67,42.98,51.29,15.93,1.28,41.16,0.49
29-Aug-2019 - 00:00,38.27,105.82,9.78,35.86,27.04,45.83,13.42,1.03,36.68,0.78
30-Aug-2019 - 00:00,64.83,142.42,8.87,35.4,26.07,46.52,18.58,1.33,71.34,0.39
31-Aug-2019 - 00:00,67.92,149.08,14.12,54.25,40.38,44.89,14.56,1.75,37.83,0.27
01-Sep-2019 - 00:00,44,96.33,7.94,33.19,24.14,55.61,13.97,1.11,37.25,0.72
02-Sep-2019 - 00:00,51.29,102.96,8.23,31.82,23.63,46.22,14.19,1.2,41.96,0.44
03-Sep-2019 - 00:00,69.92,134,5.89,35.27,23.57,44.64,14.52,1.34,35,0.28
04-Sep-2019 - 00:00,70.94,148.94,6.34,38.39,25.59,46.02,24.55,1.29,32.74,0.59
05-Sep-2019 - 00:00,38.06,99.42,12.75,33.39,28.19,45.81,29.36,1.25,43.87,0.73
06-Sep-2019 - 00:00,42.18,105.86,12.13,35.27,28.65,42.89,26.32,1.24,37.31,0.77
07-Sep-2019 - 00:00,37.71,97.22,14.69,37.94,32.14,36.93,17.8,1.32,37.28,0.87
08-Sep-2019 - 00:00,36.02,77.38,7.73,26.33,20.31,46.18,14.69,1.1,23.78,0.52
09-Sep-2019 - 00:00,57.75,134.07,5.85,34.19,22.95,51.15,14.8,1.03,27.52,0.47
10-Sep-2019 - 00:00,65.46,137.57,7.43,35.72,25.06,55.04,15.41,1.1,31.78,0.31
11-Sep-2019 - 00:00,81.33,178.33,11.17,46.15,33.46,52.12,17.73,1.2,63.74,0.36
12-Sep-2019 - 00:00,57.67,139.58,7.99,42.53,29.13,51.68,18.85,1.1,40.53,0.97
13-Sep-2019 - 00:00,35.62,92.67,8.87,36.47,26.63,39.22,17.64,1.01,44.82,0.84
14-Sep-2019 - 00:00,28.67,72.67,7.12,28.46,20.92,37.31,17.27,0.84,36.41,5.87
15-Sep-2019 - 00:00,35.42,75.68,9.62,29.59,23.58,33.68,15.24,1.01,25.64,6.33
16-Sep-2019 - 00:00,68.17,148.62,16.24,41.78,35.46,35.92,16.29,1.23,38.98,0.34
17-Sep-2019 - 00:00,61.75,147.71,6.56,44.43,28.98,44.22,15.81,1.1,56.35,0.47
18-Sep-2019 - 00:00,38.04,103.88,5.27,37.35,24.17,39.76,18.19,0.95,53.9,1.08
19-Sep-2019 - 00:00,22.29,71.42,8.4,30.36,22.98,36.35,17.93,0.9,43.26,1.07
20-Sep-2019 - 00:00,55.79,133.9,21.81,41.16,39.7,34.55,18.77,1.11,61.03,0.56
21-Sep-2019 - 00:00,40.88,98.24,16.82,41.39,35.71,35.79,16.28,1.04,41.5,0.58
22-Sep-2019 - 00:00,27.69,71.35,18.13,41.2,36.71,34.29,18.03,0.92,28.92,0.83
23-Sep-2019 - 00:00,38.81,93.17,13.37,35.3,29.67,35.81,16.63,0.92,42.05,0.53
24-Sep-2019 - 00:00,33.48,91.62,17.3,43.15,37.04,34.2,15.77,0.94,40.24,0.65
25-Sep-2019 - 00:00,28.21,83.39,15.25,35.29,31.2,33.54,13.72,0.96,32.28,0.68
26-Sep-2019 - 00:00,29.75,78.76,15.17,27.69,27.09,32.81,17.59,0.86,28.15,0.95
27-Sep-2019 - 00:00,13,47.98,10.35,21.84,20.06,32,12.74,0.77,14.69,0.8
28-Sep-2019 - 00:00,24.6,65.67,14.07,24.42,24.44,38.41,13.54,0.81,18.32,0.76
29-Sep-2019 - 00:00,18.94,58.59,10.04,22.02,19.9,37.48,14.72,0.77,29.45,0.92
30-Sep-2019 - 00:00,34.58,92.5,17.58,33.69,32.25,35.48,13.08,1.06,31.09,0.64
01-Oct-2019 - 00:00,33,92.08,21.34,40.66,39.03,41.54,14.7,1.06,31,0.77
02-Oct-2019 - 00:00,36.77,90.22,17.21,38.6,34.58,38.62,13.73,0.93,32.7,0.38
03-Oct-2019 - 00:00,63.92,144.38,23.02,51.58,46.23,42.84,13.25,1.14,,0.41
04-Oct-2019 - 00:00,66.5,123.96,14.07,48.37,37.24,44.57,13,1.12,46.94,0.77
05-Oct-2019 - 00:00,53.64,130.55,12.69,44.49,34.03,42.46,12.3,1.02,40.46,0.81
06-Oct-2019 - 00:00,72.12,161.96,8.26,45.41,30.88,50.05,13.9,1.08,57.21,0.79
07-Oct-2019 - 00:00,66.32,160.41,8.55,40.63,28.56,50.04,12.92,1.02,42.64,0.83
08-Oct-2019 - 00:00,58.92,141.08,10.02,44.19,31.7,45.24,14.74,0.94,45.68,0.68
09-Oct-2019 - 00:00,82.18,182.39,39.55,64.74,66.53,44.79,17.65,1.19,63.78,0.4
10-Oct-2019 - 00:00,130.67,254.95,28.53,69.31,60.12,32.87,18.07,1.43,59.11,0.44
11-Oct-2019 - 00:00,122.24,245.23,26.75,64.5,56.4,56.15,18.81,1.32,66.44,0.25
12-Oct-2019 - 00:00,123.67,259.54,29.47,67.65,60,62.07,17.81,1.48,48.85,0.33
13-Oct-2019 - 00:00,157.83,311.06,48.25,71.01,77.08,63.08,18.08,1.49,49.77,0.36
14-Oct-2019 - 00:00,136.88,276.22,43.93,79.2,77.96,61.5,16.85,1.57,46.49,0.33
15-Oct-2019 - 00:00,148.38,291.31,60.39,92.27,105.86,62.92,17.85,2.02,41.12,0.24
16-Oct-2019 - 00:00,153.38,283.2,33.44,80.96,70.33,62.41,18.65,1.71,64.73,0.32
17-Oct-2019 - 00:00,148.79,288.54,34.77,80.24,70.96,56.53,26.09,1.61,88.46,0.43
18-Oct-2019 - 00:00,90.67,216.12,23.77,61.21,51.91,51.69,18.01,1.14,60.64,0.76
19-Oct-2019 - 00:00,94.31,181,28.27,70.39,60.47,59.46,16.5,1.2,63.21,0.42
20-Oct-2019 - 00:00,152.83,271.68,25.38,77.09,61.71,60.1,17.1,1.32,51.34,0.61
21-Oct-2019 - 00:00,150,277.86,24.36,81.11,62.99,59.35,17.69,1.27,67.27,0.51
22-Oct-2019 - 00:00,120.77,241.14,37.33,86.44,76.4,53.61,17.73,1.46,53.7,0.49
23-Oct-2019 - 00:00,166.33,351.34,65.47,100.08,122.19,51.65,20.31,2.21,54.72,0.41
24-Oct-2019 - 00:00,205.03,396.2,70.89,99.23,109.94,64.14,19.35,2.18,61.22,0.24
25-Oct-2019 - 00:00,150.38,319.17,69.93,84.93,102.66,58.79,20.84,1.93,64.59,0.41
26-Oct-2019 - 00:00,197.04,411.53,79.83,103.99,170.06,58.8,19.35,2.68,70.03,0.2
27-Oct-2019 - 00:00,249.23,462.42,49.01,89.91,120.13,65.14,35.36,2.69,36.58,0.45
28-Oct-2019 - 00:00,311.02,497.81,38.71,79.87,74.07,59.58,27.7,2.44,4.83,0.25
29-Oct-2019 - 00:00,300.96,552.52,46.89,92.12,113.92,74.48,18.84,3.47,4.94,0.2
30-Oct-2019 - 00:00,286.8,547.08,91.44,94.31,190.28,78.97,18,3.88,4.93,0.24
31-Oct-2019 - 00:00,349.62,620.75,104.38,104.2,159.47,60.05,18.89,3.62,4.88,0.26
01-Nov-2019 - 00:00,350.11,628.61,113.12,100.87,147.31,137.97,17.86,3.06,4.83,0.19
02-Nov-2019 - 00:00,337.23,595.75,37.59,81.39,73.93,48.24,17.55,2.75,4.93,0.38
03-Nov-2019 - 00:00,549.53,639.25,42.47,77.97,76.1,47.14,12.18,3.72,4.96,0.34
04-Nov-2019 - 00:00,280.36,508.75,26.49,62.04,54.59,33.38,17.55,2.24,5.05,0.54
05-Nov-2019 - 00:00,185.07,368.58,33.98,63.35,61.45,60.03,18.55,2.18,4.97,0.44
06-Nov-2019 - 00:00,110.14,248.29,68.25,86.86,101.83,55.83,17.45,1.99,4.9,0.44
07-Nov-2019 - 00:00,159.8,312,45.51,66.17,72.28,60.07,13.66,2.02,4.97,0.47
08-Nov-2019 - 00:00,140.71,296.4,52.16,57.22,72.96,52.19,17.21,1.97,4.93,0.36
09-Nov-2019 - 00:00,148.41,281,30.11,57.08,54.87,55.95,17.24,1.59,4.97,0.7
10-Nov-2019 - 00:00,195.64,376,27.01,81.97,65.59,57.63,19.47,1.89,1.8,0.49
11-Nov-2019 - 00:00,229.09,469.02,39.15,99.17,84.62,54.86,20.18,2.07,22.63,0.44
12-Nov-2019 - 00:00,394.99,630.15,38.58,105.66,87.66,51.51,19.81,2.4,28.98,0.26
13-Nov-2019 - 00:00,426,580,51.77,105.12,98.09,48.66,18.32,2.6,31.85,0.23
14-Nov-2019 - 00:00,400.33,583.92,96.34,111.44,138.11,44.64,18.22,2.96,42.79,0.16
15-Nov-2019 - 00:00,426.98,622.33,50.88,85.83,87.12,45.22,16.22,2.78,13.62,0.24
16-Nov-2019 - 00:00,182.19,327.75,26.95,63.14,55.53,35.92,14.62,1.59,8.51,0.46
17-Nov-2019 - 00:00,107.59,207.33,23.46,58.72,50.37,42.51,15.17,1.35,7.78,0.47
18-Nov-2019 - 00:00,124.54,228.25,32.24,68.78,62.87,42.86,16.73,1.61,8.53,0.38
19-Nov-2019 - 00:00,158.78,294.5,58.6,95.67,97.75,44.05,15.8,1.93,11.61,0.28
20-Nov-2019 - 00:00,222.31,389.42,92.14,98.96,127.95,46.65,18.19,2.49,20.59,0.23
21-Nov-2019 - 00:00,202.03,356.04,99.85,107.22,138.44,44.12,15.99,2.28,19.38,0.21
22-Nov-2019 - 00:00,202.57,369.71,88.97,102.95,127.25,41.6,15.64,2.2,9.9,0.23
23-Nov-2019 - 00:00,124.65,253.33,53.17,98.62,95.79,47.29,12.13,1.5,8.27,0.36
24-Nov-2019 - 00:00,129.54,225.78,53.61,81.87,87.26,75.08,12.22,1.33,13.69,0.37
25-Nov-2019 - 00:00,152.65,245.5,51.07,95.8,92.59,74.8,11.63,0,8.51,0.21
26-Nov-2019 - 00:00,124.42,249.38,80.02,135.93,137.5,79.86,10.58,1,25.67,0.4
27-Nov-2019 - 00:00,72,150.08,62.38,135.38,122.71,76.73,9.79,1.16,14.29,0.45
28-Nov-2019 - 00:00,31.25,59.71,48.8,119.84,103.45,80.08,8.95,0.93,6.19,0.74
29-Nov-2019 - 00:00,69.08,140.96,65.46,110.2,111.99,78.74,9.55,1.38,6.56,0.35
30-Nov-2019 - 00:00,110.38,234.91,67.53,100.73,108.61,75.2,7.67,1.57,6.14,0.28
01-Dec-2019 - 00:00,157.75,282.46,57.34,133,117.48,83.93,7.72,1.51,7.37,0.27
02-Dec-2019 - 00:00,190.9,319.74,67.15,154.5,136.9,79.77,8.58,1.66,10.18,0.33
03-Dec-2019 - 00:00,182.23,311.53,85.51,179.24,164.87,74.6,10.7,1.79,9.21,0.31
04-Dec-2019 - 00:00,230.21,370.81,109.76,172.42,196.41,80.57,9.32,2.32,8.51,0.22
05-Dec-2019 - 00:00,375.39,576.08,124.27,176.58,270.14,81.94,9.17,2.88,20.09,0.2
06-Dec-2019 - 00:00,282.83,460.1,119.36,183.05,194.7,78.68,9.18,2.03,21.99,0.27
07-Dec-2019 - 00:00,261.54,413.99,109.21,191.41,190.96,78.44,8.62,2.01,11.8,0.17
08-Dec-2019 - 00:00,292.46,473.31,129.19,206.09,298.31,78.61,8.73,2.52,22.89,0.2
09-Dec-2019 - 00:00,248.73,423.35,150.64,207.35,234.74,80.14,8.83,2,24.79,0.21
10-Dec-2019 - 00:00,294.36,493.16,151.27,202.03,230.82,90.16,8.7,2.05,27.2,0.2
11-Dec-2019 - 00:00,367.7,575.07,143.45,205,268.15,91.31,8.95,2.58,21.33,0.34
12-Dec-2019 - 00:00,285.06,458.17,79.31,199.34,170.7,97.68,8.7,1.91,30.14,0.95
13-Dec-2019 - 00:00,114.54,169.61,58.49,190.95,149.21,88.61,8.29,1.48,11.79,0.83
14-Dec-2019 - 00:00,103.92,171.11,83.23,185.44,166.47,67.96,9.77,1.32,13.53,0.33
15-Dec-2019 - 00:00,135.5,223.01,70.73,158.83,142.12,64.01,10.63,1.46,9.44,0.33
16-Dec-2019 - 00:00,146.21,218.96,52.56,137.99,115.99,61.69,8.43,1.47,8.83,0.37
17-Dec-2019 - 00:00,165.57,244.88,59.38,144.84,125.43,63.12,7.91,1.52,8.87,0.37
18-Dec-2019 - 00:00,189.19,267.04,55.44,158.71,129.57,66.03,7.67,1.47,5.51,0.33
19-Dec-2019 - 00:00,342.31,487.21,105.41,180.94,182.17,63.89,6.99,2.06,8.75,0.4
20-Dec-2019 - 00:00,404.16,572.5,90.61,187.38,173.51,65.72,5.8,2.32,6.13,0.26
21-Dec-2019 - 00:00,308.26,445.17,85.55,165.26,157.64,72.08,8.04,2.05,5.62,0.31
22-Dec-2019 - 00:00,238.01,315.67,65.67,160.77,139.02,74.23,6.44,1.82,10.21,0.4
23-Dec-2019 - 00:00,251.83,331.96,61.12,150.32,129.76,74.99,6.47,1.83,3.85,0.34
24-Dec-2019 - 00:00,308.17,445.92,85.5,177.38,165.05,78.89,9.14,2,3.63,0.38
25-Dec-2019 - 00:00,250.54,342.33,62.93,146.76,129.24,74.92,7.73,1.8,3.61,0.42
26-Dec-2019 - 00:00,247.83,342.62,52.8,150.86,123.28,77.92,8.34,1.65,3.33,0.34
27-Dec-2019 - 00:00,294.96,432.33,61.92,172.03,141.99,82.13,9.29,1.64,3.08,0.29
28-Dec-2019 - 00:00,323.97,482.62,93.53,149.93,155.97,76.58,8.64,2.07,3.84,0.27
29-Dec-2019 - 00:00,375,523.11,63.25,181.87,148.56,81.85,7,2.05,3.3,0.3
30-Dec-2019 - 00:00,384.73,537.33,105.02,183,182.94,77.48,8.93,2.43,3.28,0.5
31-Dec-2019 - 00:00,281.87,323.32,74.37,176.15,164.58,76.38,8.81,2.48,5.01,0.76
01-Jan-2020 - 00:00,380.43,463.7,138.69,187.54,221.16,84.05,8.03,3.01,4.45,0.38
02-Jan-2020 - 00:00,387.06,468.71,154.67,175.03,242.23,94.45,9.94,3.56,3.38,0.22
03-Jan-2020 - 00:00,268.35,442.17,132.56,182.31,254.12,97.5,9.48,2.89,4.36,0.38
04-Jan-2020 - 00:00,299.66,465.35,114.51,192.79,239.2,89.46,7.36,2.53,3.59,0.28
05-Jan-2020 - 00:00,232.57,360.12,74.52,179.69,156.32,79.28,,1.74,2.82,0.35
06-Jan-2020 - 00:00,195.22,309.59,73.07,186.53,158.83,81.79,,1.67,2.72,0.35
07-Jan-2020 - 00:00,135.77,204.6,81.75,185.34,165.21,86.25,6.05,1.55,4.22,0.74
08-Jan-2020 - 00:00,149.8,195.09,84.1,163.47,155.44,93.66,11.42,1.67,3.33,0.34
09-Jan-2020 - 00:00,158.22,200.57,57.83,134.53,118.68,96.45,9.9,1.43,2.85,0.43
10-Jan-2020 - 00:00,191.52,273.14,70.31,150.52,137.77,99.9,10.36,1.74,2.8,0.35
11-Jan-2020 - 00:00,222.22,346.01,91.11,186.83,173.64,100.33,9.14,1.86,3.4,0.28
12-Jan-2020 - 00:00,319.35,458.26,156.84,210.14,241.3,92.63,8.08,2.48,2.9,0.24
13-Jan-2020 - 00:00,242.81,369.61,109.89,177.41,183.99,99.49,8,2.31,2.8,0.91
14-Jan-2020 - 00:00,158.16,223.43,77.21,181.3,159.31,102.99,7.78,1.54,2.65,0.48
15-Jan-2020 - 00:00,173.94,258.03,88.42,194.84,175.72,92.21,8.46,1.55,2.66,0.41
16-Jan-2020 - 00:00,195.75,272.77,91.46,192.34,176.85,89.61,10.84,1.65,2.68,0.4
17-Jan-2020 - 00:00,162.3,226.17,85.74,170.09,160.33,73.16,9.21,1.74,2.48,0.32
18-Jan-2020 - 00:00,179.11,259.68,71.12,145.36,135.22,61.12,7.54,1.75,3.12,0.31
19-Jan-2020 - 00:00,175.85,251.54,44.62,131.85,106.52,55.91,7.68,1.54,3.29,0.44
20-Jan-2020 - 00:00,199.92,300.58,49.58,138.72,114.16,55.09,7.06,1.71,3.18,0.3
21-Jan-2020 - 00:00,301.81,455.58,110.44,156.1,173.07,55.8,10.52,2.55,4.03,0.37
22-Jan-2020 - 00:00,223.48,317.71,63,100.27,104.95,50.96,9.71,2.29,3.65,0.32
23-Jan-2020 - 00:00,119.36,205.38,39.89,107.13,89.53,41.57,10.26,1.46,3.55,0.57
24-Jan-2020 - 00:00,146.67,217.97,40.58,121.9,98.05,48.23,10.29,1.59,4.42,0.56
25-Jan-2020 - 00:00,203.01,317.45,82.73,166.05,155.78,72.52,8.52,1.88,5.54,0.3
26-Jan-2020 - 00:00,267.17,416.8,101.4,180.68,178.89,75.84,8.83,2.17,4.46,0.29
27-Jan-2020 - 00:00,225.17,347.34,136.03,178.97,215.2,78.74,8.84,2.63,4.26,0.4
28-Jan-2020 - 00:00,105.27,160.62,48.94,140.63,114.7,81.63,11.36,1.55,4.27,0.87
29-Jan-2020 - 00:00,113.28,186.17,51.8,151.19,122.65,90.74,7.95,1.43,3.55,0.34
30-Jan-2020 - 00:00,130.1,222.58,57.74,160.45,132.4,92.84,7.95,1.47,3.74,0.44
31-Jan-2020 - 00:00,127.51,213.33,56.86,170.36,137.01,82.89,8.05,1.49,3.29,0.38
01-Feb-2020 - 00:00,161.64,278.33,109.01,176.06,182.5,86.42,7.7,1.72,3.24,0.36
02-Feb-2020 - 00:00,179.64,293.25,71.84,179.07,153.82,86.12,7.8,1.64,3.24,0.37
03-Feb-2020 - 00:00,182.53,309.75,81.52,190.23,167.66,82.04,7.81,1.77,3.33,0.28
04-Feb-2020 - 00:00,216.77,370.54,98.85,194.91,200.75,92.18,8.16,2.11,3.61,0.43
05-Feb-2020 - 00:00,198.45,324.92,63.64,187.08,151.36,95.1,7.88,1.62,3.57,0.42
06-Feb-2020 - 00:00,149.4,254.17,57.5,200.81,153.73,88.72,7.7,1.49,3.93,0.31
07-Feb-2020 - 00:00,176.49,294.57,75.19,160.21,147.3,136.45,7.64,1.72,3.71,0.33
08-Feb-2020 - 00:00,198.09,301.8,52.33,155.91,125.19,186.26,7.9,1.76,3.63,0.4
09-Feb-2020 - 00:00,208.81,323.66,52.72,173.29,135.12,183.05,7.76,1.74,3.6,0.32
10-Feb-2020 - 00:00,237.21,388.47,75.12,174.34,154.03,127.15,7.76,1.97,3.52,0.26
11-Feb-2020 - 00:00,213.05,366.52,98.59,162.15,166.64,105.78,7.89,2.15,4.5,0.26
12-Feb-2020 - 00:00,214.01,345.9,60.28,163.12,135.89,104.14,7.68,1.99,3.71,0.51
13-Feb-2020 - 00:00,118.02,217.42,32.02,134.6,97.68,92.33,7.54,1.63,3.7,0.72
14-Feb-2020 - 00:00,96.34,220.58,29.19,118.25,86.68,102.07,7.85,1.39,3.74,0.75
15-Feb-2020 - 00:00,110.92,227.29,28.19,114.49,83.82,84.21,8.21,1.41,4.82,0.66
16-Feb-2020 - 00:00,203.07,334.97,66.33,163.85,141.16,117.42,8.02,1.82,5.46,0.37
17-Feb-2020 - 00:00,191.26,327.61,87.82,164.46,159.07,124.54,7.74,2.16,4.95,0.44
18-Feb-2020 - 00:00,149.66,290.6,55.97,145.31,122.88,88.88,8.12,1.81,4.54,0.47
19-Feb-2020 - 00:00,158.42,329.73,49.28,121.49,175.81,104.45,8.32,2.8,10.12,1.18
20-Feb-2020 - 00:00,103.55,244.53,25.89,124.06,87.14,86.46,7.85,1.41,14.72,1.73
21-Feb-2020 - 00:00,48.32,81.42,26.23,125.51,88.17,79.57,7.45,1.23,4.06,0.81
22-Feb-2020 - 00:00,63.11,128.67,47.73,126.69,106.27,69.52,7.69,1.3,4.34,0.37
23-Feb-2020 - 00:00,103.18,212.67,52.9,91.53,91,62.87,8.02,1.56,4.69,0.33
24-Feb-2020 - 00:00,82.76,192.58,41.28,97.42,85.49,62.87,8.08,1.4,6.12,0.48
25-Feb-2020 - 00:00,141.32,289.62,40.14,112.18,92.44,82.46,7.72,1.54,5.18,0.4
26-Feb-2020 - 00:00,179.42,348.42,90.43,98.36,126.01,152.68,8.41,1.86,6.34,0.34
27-Feb-2020 - 00:00,115.51,237.62,31.94,63.48,59.86,207.56,8.54,1.44,11.45,0.79
28-Feb-2020 - 00:00,76.74,168.79,8.48,53.46,35.52,188.1,8.06,1.2,8.36,1.72
29-Feb-2020 - 00:00,59.06,123.83,16.54,55.98,43.27,79.4,4.4,0.96,8.25,1.31
01-Mar-2020 - 00:00,51.2,120.17,17.58,72.4,52.82,36.34,2.04,0.99,12.23,0.57
02-Mar-2020 - 00:00,109.67,254.04,73.07,73.8,98.85,51.43,3.32,1.39,7.82,0.27
03-Mar-2020 - 00:00,100.16,252.33,54.5,77.42,85.59,54.26,4.32,1,6.6,0.36
04-Mar-2020 - 00:00,82.27,200.62,34.04,87.2,74.12,58.07,4.31,0.37,7.47,0.98
05-Mar-2020 - 00:00,29.16,75.75,23.23,83.66,63.42,49.22,1.16,0.62,8.34,1.21
06-Mar-2020 - 00:00,21.45,49.25,23.2,89.22,66.38,45.28,1.3,0.69,7.35,1.4
07-Mar-2020 - 00:00,49.22,108.38,31.49,105.1,81.56,46.18,1.3,0.86,7.26,0.95
08-Mar-2020 - 00:00,112.57,237.37,67.22,103.08,109.62,60.9,2.55,1.29,7.23,0.51
09-Mar-2020 - 00:00,72.53,178.67,21,68.42,53.52,47.5,2.43,0.7,7.26,0.77
10-Mar-2020 - 00:00,94.38,199.67,21.92,77.61,59.13,47.99,3.79,0.69,6.96,0.5
11-Mar-2020 - 00:00,53.71,128.11,17.44,70.9,51.94,50.12,2.8,0.57,6.24,1.61
12-Mar-2020 - 00:00,61.75,179.24,32.35,93.66,76.18,62.11,2.78,1.07,5.29,0.89
13-Mar-2020 - 00:00,72.62,232.21,65.6,116.3,114.95,67.12,2.33,0.93,5.49,0.54
14-Mar-2020 - 00:00,35.61,97.44,36.29,93.75,79.45,148.61,1.49,0.69,5.93,0.84
15-Mar-2020 - 00:00,83,167.68,79.6,128.91,133.47,120.9,2.4,1.09,5.47,0.34
16-Mar-2020 - 00:00,52,106,,,,,,0,,0.8
17-Mar-2020 - 00:00,119.67,321.86,25.88,80.23,63.5,78.46,4.23,,9.45,0.32
18-Mar-2020 - 00:00,79.42,211.91,45.44,91.92,85.92,72.44,3.18,0.77,6.75,0.6
19-Mar-2020 - 00:00,115.67,257.69,46.98,68.66,74.75,80.23,1.84,0.96,7.19,0.36
20-Mar-2020 - 00:00,86,221.33,28.2,52.75,51.04,77.6,2.34,1.05,6.98,0.39
21-Mar-2020 - 00:00,107.89,258.29,51.2,53.16,69.98,80.42,3.48,1.34,8.81,0.38
22-Mar-2020 - 00:00,86.58,161.96,9.23,26.61,21.68,36.23,3.32,0.92,6.44,0.43
23-Mar-2020 - 00:00,64.45,130.08,16.59,47.25,38.67,61.14,2.53,0.85,6.28,0.28
24-Mar-2020 - 00:00,55.9,111.17,37.22,72.39,68.82,86.87,2.56,0.78,6.14,0.64
25-Mar-2020 - 00:00,48.65,98.12,44.83,65.71,71.51,86.73,1.4,0.88,6.63,0.44
26-Mar-2020 - 00:00,59.74,114.31,38.67,58.85,62.84,79.81,1.81,0.78,6.03,0.52
27-Mar-2020 - 00:00,24.84,52.79,33.37,60.8,59.66,75.04,1.64,0.58,5.66,0.85
28-Mar-2020 - 00:00,35.27,63.29,42.19,66.37,69.71,76.44,1.01,0.75,5.78,0.41
29-Mar-2020 - 00:00,33.18,75.62,31.93,61.72,58.82,66.47,0.93,0.74,5.87,0.48
30-Mar-2020 - 00:00,49.54,94.17,33.12,66.89,62.5,68.97,1.06,0.75,5.87,0.39
31-Mar-2020 - 00:00,50.33,96.12,28.66,66.44,58.7,71.61,0.96,0.81,5.82,0.51
01-Apr-2020 - 00:00,49.5,93.33,37.1,72.6,68.87,79.09,1.08,0.89,5.8,0.39
02-Apr-2020 - 00:00,45.88,92.62,26.93,59.99,53.84,71.41,1.2,0.72,6.16,0.52
03-Apr-2020 - 00:00,46.04,94.21,33,83.61,71.37,74.46,1.3,0.71,5.87,0.34
04-Apr-2020 - 00:00,61.92,114.88,35.11,85.21,73.95,79.58,1.32,0.85,5.66,0.27
05-Apr-2020 - 00:00,72.91,130.38,36.77,84.46,75.02,85.18,0.88,0.91,5.79,0.3
06-Apr-2020 - 00:00,77.96,149.12,37.94,80.64,73.8,84.69,1.34,1.02,6.25,0.37
07-Apr-2020 - 00:00,40.16,113.96,31.26,68.07,61.68,76.95,1.32,0.79,6,0.66
08-Apr-2020 - 00:00,41.74,105.46,28.29,71.02,60.83,78.34,1.29,0.8,5.98,0.43
09-Apr-2020 - 00:00,48.75,107.71,23.97,69.11,56.27,79.02,1.44,0.93,6.57,0.31
10-Apr-2020 - 00:00,69.75,140.92,35.87,94.02,79.24,98.09,1.21,1.38,5.69,0.21
11-Apr-2020 - 00:00,68.38,144.88,33.01,87.76,73.59,95.36,0.81,1.13,5.68,0.3
12-Apr-2020 - 00:00,49.62,124.2,25.18,78.58,62.19,84.23,0.68,0.91,5.73,0.36
13-Apr-2020 - 00:00,69.88,161.21,33.27,84.61,71.91,87.98,1.15,1.08,5.71,0.3
14-Apr-2020 - 00:00,59.12,168.29,30.75,60.62,57.3,76.81,1.1,1.07,7.38,0.38
15-Apr-2020 - 00:00,65.67,223,29.23,52.49,51.75,69.07,1.86,1.12,8.79,0.5
16-Apr-2020 - 00:00,88.46,243.21,31.92,58.21,57.09,70.5,1.41,1.18,6.72,0.4
17-Apr-2020 - 00:00,29.24,98.29,19.23,50.9,42.75,61.71,0.82,0.8,6.47,0.75
18-Apr-2020 - 00:00,27.2,98.62,18.63,54.41,44.12,64.39,1.01,0.67,6.75,0.82
19-Apr-2020 - 00:00,40.35,87.75,33.3,66.48,62.51,73.19,2.03,0.8,6.11,0.37
20-Apr-2020 - 00:00,65.17,133.24,35.11,76.54,69.34,76.08,1.89,0.94,5.52,0.53
21-Apr-2020 - 00:00,48.01,108.96,34.74,82.66,72.35,80.53,0.37,0.84,5.24,0.33
22-Apr-2020 - 00:00,75.68,167.29,37.43,88.84,77.77,82.55,0.86,1.02,5.44,0.28
23-Apr-2020 - 00:00,62.9,147.67,33.63,80.07,70.01,79.09,1.13,1.04,5.52,0.53
24-Apr-2020 - 00:00,66.65,146.96,37.52,80.21,73.18,81.3,0.95,0.98,5.8,0.58
25-Apr-2020 - 00:00,28.54,90.46,25.66,70.7,58.5,72.16,0.68,0.85,5.48,0.56
26-Apr-2020 - 00:00,39.23,116.54,20.04,62.16,49.77,67.2,0.89,0.8,5.52,1.14
27-Apr-2020 - 00:00,28.41,59.46,11.41,55.63,38.86,59.07,1.02,0.69,6.35,1.5
28-Apr-2020 - 00:00,45.49,95.91,15.47,53.58,41.12,59.53,1.03,0.81,6.86,0.76
29-Apr-2020 - 00:00,51.21,116.12,18.18,49.03,40.91,56.68,0.93,0.99,6.86,0.69
30-Apr-2020 - 00:00,49.01,118.67,8.53,29.89,22.86,42.88,0.69,0.98,8.18,0.76
01-May-2020 - 00:00,68.76,163.96,11.09,31.33,25.71,42.95,0.82,0.95,10.24,0.87
02-May-2020 - 00:00,32.18,113.42,3.48,22.98,15.06,34.35,1.66,0.7,9.23,1.67
03-May-2020 - 00:00,34.59,86.71,8.7,30.3,23.21,37.56,2.54,0.8,8.83,1
04-May-2020 - 00:00,29.67,60.88,18.12,53.5,43.21,47.54,1.55,0.87,5.89,0.51
05-May-2020 - 00:00,60.1,128.42,26.1,56.57,51.92,50.95,1.45,1.08,5.76,0.34
06-May-2020 - 00:00,63.92,174,36.67,55.63,59.33,54.69,2.15,1.15,8.31,0.63
07-May-2020 - 00:00,60.97,146.29,15.33,55.69,42.08,46.18,1.36,,7.79,0.3
08-May-2020 - 00:00,46.98,120.57,14.03,43.87,34.73,47.44,1.37,0.78,7.3,0.6
09-May-2020 - 00:00,52.41,132.51,8.15,31.74,23.51,45.65,0.7,0.82,7.95,0.99
10-May-2020 - 00:00,42.67,95.88,14.36,50.22,38.43,49.97,2.02,0.28,6.71,0.71
11-May-2020 - 00:00,42.17,103.3,12.85,41,32.23,49.83,0.97,0,10.11,1.14
12-May-2020 - 00:00,47.52,112.14,11.16,38.19,29.36,49.29,1.2,0,8.92,0.75
13-May-2020 - 00:00,85.12,196.44,19.09,51.29,42.85,57.04,1.09,0,5.77,0.31
14-May-2020 - 00:00,64.63,144.28,24.75,47.65,45.48,60.05,2.15,0.56,6.53,0.47
15-May-2020 - 00:00,67.15,138.68,10.78,38.54,29.24,49.42,9.7,0,14.46,0.4
16-May-2020 - 00:00,91.72,182,9.9,43.61,31.26,56.1,10.99,0,22.81,0.36
17-May-2020 - 00:00,115.02,229.62,16.16,49.58,39.56,62.91,11.42,0,27.36,0.29
18-May-2020 - 00:00,136.54,262.67,16.71,51.32,40.91,61.1,12.16,0,24.05,0.31
19-May-2020 - 00:00,111.21,232.7,26.58,51.21,48.41,66.15,10.82,0.49,44.51,0.28
20-May-2020 - 00:00,80.62,189.88,7.29,37.29,25.79,50.84,10.41,0.82,51.06,0.45
21-May-2020 - 00:00,65.66,208.71,6.74,35.87,24.59,49.85,8.63,1.3,46.87,0.41
22-May-2020 - 00:00,135.73,287.89,12.33,38.33,30.45,60.17,13.06,1.37,34.67,0.31
23-May-2020 - 00:00,89.23,258.01,22.73,35.26,37.22,57.29,7.8,1.68,34.66,0.33
24-May-2020 - 00:00,72.85,226.46,4.22,34.12,21.58,53.83,9.37,1.26,41.99,0.42
25-May-2020 - 00:00,73.88,198,5.2,36.07,23.45,55.66,11.57,0.69,59.71,0.39
26-May-2020 - 00:00,76.5,235.08,19.28,39.01,36.46,62.9,8.02,1.15,38.5,0.37
27-May-2020 - 00:00,45.39,171.54,2.89,32.05,19.3,52.22,6.8,1.01,71.95,0.52
28-May-2020 - 00:00,35.51,239.23,2.26,16.08,10.4,50.58,3.5,0.55,38.44,2.07
29-May-2020 - 00:00,30.44,,3.61,21.76,14.52,53.22,6.27,0.9,32.36,1.52
30-May-2020 - 00:00,23.81,,2.79,18.64,12.15,62.53,4.2,0.87,41.55,1.4
31-May-2020 - 00:00,27.25,47,4.79,19.87,14.44,63.56,4.09,0.95,30.61,0.92
01-Jun-2020 - 00:00,46.6,82.5,10.77,27.77,23.56,59.97,4.46,0.92,24.78,0.31
02-Jun-2020 - 00:00,63.5,,10.3,28.57,23.6,63.18,5.65,0.9,22.27,0.54
03-Jun-2020 - 00:00,60.2,,14.19,34.22,29.78,76.86,6.67,0.82,28.62,0.42
04-Jun-2020 - 00:00,73.68,112.12,20.12,35.69,35.36,59.11,6.63,1.21,29.73,0.54
05-Jun-2020 - 00:00,47.82,117.22,6.31,29.54,20.83,16.37,6.11,0.76,33.65,0.58
06-Jun-2020 - 00:00,40.11,100.26,3.06,21.76,14.08,15.3,4.86,0.77,51.53,0.93
07-Jun-2020 - 00:00,40.62,100.9,4.01,23.47,15.74,14.05,6.02,0.61,32.73,0.62
08-Jun-2020 - 00:00,56.06,127.19,4.49,27.5,18.29,13.81,6.4,0.79,38.81,0.43
09-Jun-2020 - 00:00,61.96,160.42,9.19,36.42,26.89,15.04,7.34,0.89,33.15,0.36
10-Jun-2020 - 00:00,61.14,168.29,14.82,34.96,30.69,15.57,9.88,1.06,28.57,0.37
11-Jun-2020 - 00:00,54.26,161,3.85,28.56,18.16,13.2,5.43,0.9,38.89,0.34
12-Jun-2020 - 00:00,61.03,167.25,4.22,28.35,18.52,14.13,4.69,0.96,23.44,0.83
13-Jun-2020 - 00:00,51.96,137.47,6.74,26.65,19.62,18.62,3.85,0.78,11.61,0.88
14-Jun-2020 - 00:00,79.75,173.47,11.18,26.08,22.98,20.1,5.62,1.23,9.92,0.3
15-Jun-2020 - 00:00,58.54,153.03,6.1,26.09,18.85,16.83,6.42,1.24,21.8,0.48
16-Jun-2020 - 00:00,38.7,113.26,3.92,24.13,16.03,14.6,5.38,0.67,40.88,0.89
17-Jun-2020 - 00:00,32.85,97,3.1,16.67,11.41,12.61,4.04,0.68,31.96,1.32
18-Jun-2020 - 00:00,34.84,100.03,4.79,20.11,14.59,15.66,7.46,0.27,40.08,1.01
19-Jun-2020 - 00:00,52.3,187.12,3.62,17.92,12.43,13.75,8.5,0.73,30.27,1.16
20-Jun-2020 - 00:00,38.62,107.58,6.14,23.28,17.39,20.63,3.37,1.29,24.66,0.71
21-Jun-2020 - 00:00,42.83,107.92,7.9,24.45,19.45,32.87,3.22,1.21,24.23,0.59
22-Jun-2020 - 00:00,48.36,95.13,5.64,23.66,17.19,37.47,3.53,0.91,26.18,0.46
23-Jun-2020 - 00:00,29.95,70.12,6.11,17.33,14.2,29.5,4.38,0.84,9.2,1.09
24-Jun-2020 - 00:00,34.79,72.88,5.28,16.59,13.13,22.81,5.18,0.95,14.48,1.13
25-Jun-2020 - 00:00,38.43,87.12,7.82,19.99,17.01,20.76,4.4,0.97,11.86,0.41
26-Jun-2020 - 00:00,55.74,135.83,8.7,22.25,18.93,23.95,2.81,1.14,10.76,0.38
27-Jun-2020 - 00:00,44.69,187.21,8.88,24.1,20.06,23.54,3.21,1.04,8.73,0.39
28-Jun-2020 - 00:00,65.66,333.5,10.6,24.25,21.54,22.75,4.12,1.1,8.12,0.37
29-Jun-2020 - 00:00,48.71,204.45,11.73,21.28,20.88,26.11,4.76,0.93,12.57,0.61
30-Jun-2020 - 00:00,42.6,103.08,3.52,16.69,11.76,25.34,2.81,0.8,20.92,1.2
01-Jul-2020 - 00:00,49.81,123.5,3.69,18.49,12.84,25.17,3.04,0.94,26.83,0.91
02-Jul-2020 - 00:00,64.05,150.21,3.97,20.25,14.01,22.13,3.85,0.93,27.68,0.61
03-Jul-2020 - 00:00,62.6,161.89,4.02,21.75,14.84,24.24,3.9,0.75,26.82,1.02
04-Jul-2020 - 00:00,42.33,96.12,4.33,13.45,10.7,23.21,3.43,0.68,25.98,1.33
05-Jul-2020 - 00:00,25.31,49.58,4.19,16.09,11.98,20.23,2.83,0.76,21.28,0.52
06-Jul-2020 - 00:00,44.2,93.03,6.19,19.24,15.3,21.43,2.69,0.98,18.1,0.76
07-Jul-2020 - 00:00,19.77,51.45,6.02,14.48,12.62,21.1,3.55,0.76,12.84,1.28
08-Jul-2020 - 00:00,25.39,61.16,5.79,15.71,13.08,19.64,2.13,0.86,15.48,1.06
09-Jul-2020 - 00:00,42.96,97.23,7.69,20.45,17.14,20.1,1.79,1.16,16.7,0.31
10-Jul-2020 - 00:00,32.07,91.2,6.01,19.25,15.15,22.49,1.97,1.6,17.09,0.38
11-Jul-2020 - 00:00,22.04,64.67,4.9,18.57,13.88,21.98,1.5,1.01,23.09,0.68
12-Jul-2020 - 00:00,32.38,73.57,4.34,19.71,14.02,22.19,2.88,1.13,21.44,0.61
13-Jul-2020 - 00:00,43.69,148.6,7.26,25.76,19.62,25.92,2.75,1.43,11.39,0.39
14-Jul-2020 - 00:00,43.9,162.74,5.6,17.9,14.09,28.36,2.97,1.73,19.86,0.42
15-Jul-2020 - 00:00,37.58,102.96,3.82,15.88,11.51,27.45,2.55,1.28,25.75,1
16-Jul-2020 - 00:00,31.18,72.49,4.1,17.75,12.78,24.33,2.93,0.91,18.06,1.04
17-Jul-2020 - 00:00,45.91,84.29,5.12,20.76,15.22,21.49,2.77,1.32,14.34,1.11
18-Jul-2020 - 00:00,35.9,78.62,5.53,20.37,15.33,23.92,2.62,1.18,12.1,0.87
19-Jul-2020 - 00:00,23.15,48.15,4.72,15.75,12.25,24.3,2.95,0.87,6.46,0.67
20-Jul-2020 - 00:00,24.67,80.76,6.84,42.27,27.94,15.32,2.83,1.28,17.03,0.37
21-Jul-2020 - 00:00,24.22,44.03,6.17,25.08,18.35,26.07,3.14,0.97,14.53,0.84
22-Jul-2020 - 00:00,44.73,66.28,11.03,26.86,23.27,26.53,2.04,1.48,7.71,0.35
23-Jul-2020 - 00:00,47.42,92.75,9.49,28.93,23.15,31.67,1.79,1.48,14.5,0.25
24-Jul-2020 - 00:00,54.18,101.51,7.39,28.12,20.97,39.43,2.69,0.95,15.98,0.74
25-Jul-2020 - 00:00,32.21,64.03,5.91,19.22,15.05,30.27,2.43,1.26,11.81,0.8
26-Jul-2020 - 00:00,48.04,88.04,7.76,29.66,22.1,34.85,3.19,1.77,16.03,0.49
27-Jul-2020 - 00:00,55.33,129.04,17.71,29.55,30.18,41.96,2.95,1.54,9.64,0.28
28-Jul-2020 - 00:00,31.85,96.46,6.4,24.65,18.34,43.3,1.85,0.75,10.57,0.33
29-Jul-2020 - 00:00,22.5,87.93,7.25,27.74,20.66,38.27,2.12,1.07,10.56,0.84
30-Jul-2020 - 00:00,16.06,54.73,7.15,20.02,16.48,32.74,1.61,0.86,10.4,0.79
31-Jul-2020 - 00:00,42.79,94.27,5.05,26.28,18.1,35.04,1.43,1.32,11.91,0.86
01-Aug-2020 - 00:00,40.56,79.46,7.04,24.31,18.67,37.43,2.14,1.28,13.6,0.58
02-Aug-2020 - 00:00,30.83,73.52,8.19,19.08,16.83,25.52,2.48,1.38,8.17,0.34
03-Aug-2020 - 00:00,29.03,80.3,5.55,15.08,12.55,38.8,1.71,1.55,7.98,0.33
04-Aug-2020 - 00:00,29.86,72.03,5.01,23.4,16.54,40.12,1.99,0.82,10.56,0.36
05-Aug-2020 - 00:00,37.66,78.08,5.76,23.19,17.03,34.49,2.06,0.91,10.08,0.38
06-Aug-2020 - 00:00,15.38,55.75,7.74,19.82,16.86,32.59,2.11,0.52,7.35,1.51
07-Aug-2020 - 00:00,21.45,53.33,5.91,16.84,13.78,30.33,2.67,1.15,13.97,1.32
08-Aug-2020 - 00:00,48.39,102.25,10.26,17.52,17.69,29.81,2.64,1.2,13.51,0.28
09-Aug-2020 - 00:00,35.53,154.57,5.87,22.81,16.93,29.16,1.96,1.28,9.62,0.36
10-Aug-2020 - 00:00,38.66,72.07,7.99,15.38,14.69,46.49,1.21,0.83,6.52,0.95
11-Aug-2020 - 00:00,50.3,100.58,7.09,16.96,14.8,20.31,5.96,0.92,5.17,0.37
12-Aug-2020 - 00:00,26.79,74.88,5.34,14.61,12.12,24.54,3.47,0.63,5.75,0.53
13-Aug-2020 - 00:00,18.4,32.71,6.49,22.43,17.23,29.37,3.28,0.76,6.17,0.49
14-Aug-2020 - 00:00,23.87,47.73,8.43,13.4,14,22.63,1.99,0.95,5.59,0.74
15-Aug-2020 - 00:00,33.61,61.99,7.4,24.21,18.92,17.61,0.88,0.75,7.46,0.95
16-Aug-2020 - 00:00,19.58,51.58,5.97,12.2,11.36,21.23,1.54,0.8,13.15,1.06
17-Aug-2020 - 00:00,30.16,64.85,12.97,21.98,22.27,19.92,2.36,1.01,11.7,0.85
18-Aug-2020 - 00:00,35.46,83.62,14.36,24.33,24.64,22.85,3.09,1.09,9.64,0.51
19-Aug-2020 - 00:00,25.43,48.4,17.33,38.72,34.73,27.94,3.43,0.99,13.38,0.74
20-Aug-2020 - 00:00,17.48,32.43,8.36,16.28,15.48,32.7,3.39,0.86,12.01,0.82
21-Aug-2020 - 00:00,17.65,47.06,12.03,30.8,26.2,20.5,3.24,0.75,10.07,0.8
22-Aug-2020 - 00:00,12.6,44.08,10.5,14.9,16.49,17.39,5.33,0.81,8.91,1.08
23-Aug-2020 - 00:00,12.33,39.16,6.37,9.76,10.39,17.93,2.97,1,4.89,1.16
24-Aug-2020 - 00:00,14.52,44.58,9.44,16.18,16.3,25.15,2.93,0.81,8.8,1.31
25-Aug-2020 - 00:00,17.35,54.23,10.62,22.64,20.69,32.78,2.68,0.88,11.32,1.14
26-Aug-2020 - 00:00,26.16,75.61,9.48,24.36,20.68,59.92,1.13,1.1,8.22,0.34
27-Aug-2020 - 00:00,26.43,79.17,9.98,22.47,20.09,31.68,1.28,1.34,6.44,0.26
28-Aug-2020 - 00:00,43.05,95.67,20.73,27.89,31.74,25.65,6.76,1.45,12.57,0.36
29-Aug-2020 - 00:00,36.99,74.75,13.25,26.66,24.99,29.71,7.63,1.32,19.98,0.55
30-Aug-2020 - 00:00,15.43,46.29,7.25,16.16,14.51,25.72,7.56,0.76,10.68,1.5
31-Aug-2020 - 00:00,11.73,39.04,8.3,18.61,16.67,20.3,8.27,0.89,9.38,1.63
01-Sep-2020 - 00:00,17.59,60.54,10.39,25.69,22.13,18.53,8.73,1.09,14.52,0.96
02-Sep-2020 - 00:00,25.58,70.17,7.1,25.86,19.55,18.52,8.1,1.04,22.88,0.35
03-Sep-2020 - 00:00,49.39,103.47,14.34,30.67,28.03,19.88,8.01,1.16,9.93,0.69
04-Sep-2020 - 00:00,49.92,100.67,7.96,33.74,24.44,23.21,8.79,1.09,24.03,0.75
05-Sep-2020 - 00:00,54.31,104.45,12.78,34.21,28.61,25.46,7.47,1.18,24.07,0.39
06-Sep-2020 - 00:00,44.69,80.43,7.61,25.2,19.61,29.13,6.98,1.2,17.06,0.35
07-Sep-2020 - 00:00,48.61,96.14,14.13,35.19,30.24,27.47,9.34,1,8.38,0.28
08-Sep-2020 - 00:00,47.65,102.21,8.16,22.31,18.53,25.13,8.37,1.19,12.56,0.32
09-Sep-2020 - 00:00,71.25,143.57,11.13,24.41,22.06,29.09,8.24,1.31,17.28,0.38
10-Sep-2020 - 00:00,75.58,156,8.16,33.43,24.43,48.35,7.38,1.24,15.54,0.42
11-Sep-2020 - 00:00,62.33,148.38,13.86,34.54,29.67,35.24,9.01,0.85,18.48,0.27
12-Sep-2020 - 00:00,71.38,160.84,16.67,31.67,30.44,37.4,8.79,1.17,14.18,0.3
13-Sep-2020 - 00:00,74.42,146.49,8.82,27,21.55,38.75,6.85,1.13,14.11,0.32
14-Sep-2020 - 00:00,86.54,177.58,12.13,31.76,26.78,38.05,7.07,1.07,17,0.3
15-Sep-2020 - 00:00,78.09,173.33,12.51,32.41,27.43,38.52,7.97,1.25,15.84,0.31
16-Sep-2020 - 00:00,81.06,186.71,11.61,34.56,27.85,38.43,6.95,1.2,22.9,0.39
17-Sep-2020 - 00:00,55.95,149.88,8.16,27.78,21.44,38.24,8.49,1.03,12.87,0.48
18-Sep-2020 - 00:00,52.83,135.88,8.45,25.92,20.69,37.39,8.96,1.07,14.68,0.53
19-Sep-2020 - 00:00,63.02,141.83,7.44,28.85,21.41,37.95,8.34,1.06,11.75,0.33
20-Sep-2020 - 00:00,85.54,177.42,10.41,30.12,24.51,39.55,8.33,1.38,15.19,0.43
21-Sep-2020 - 00:00,80.1,177.25,7.56,29.86,22.05,33.91,8.11,1,19.9,0.38
22-Sep-2020 - 00:00,42.74,106.83,13.37,28.37,25.99,22.19,8.06,0.98,11.88,0.72
23-Sep-2020 - 00:00,26.35,76.25,9.77,21.17,19.23,18.37,9,0.87,8.84,0.75
24-Sep-2020 - 00:00,49.9,114.92,8.22,25.01,20.01,16.22,8.08,0.99,17.97,0.65
25-Sep-2020 - 00:00,67.07,164.5,8.68,33.46,24.88,13.86,8.43,1.06,20.68,0.51
26-Sep-2020 - 00:00,71.29,181.92,21.12,35.85,36.29,14.21,8.05,1.12,8.08,0.33
27-Sep-2020 - 00:00,55.04,144.96,13.75,30.25,27.3,14.77,7.87,1.11,13.15,0.39
28-Sep-2020 - 00:00,79.17,219.21,16.85,35.43,32.58,16.43,8.53,1.22,9.61,0.48
29-Sep-2020 - 00:00,81.33,219.75,8.3,32.18,23.89,18.44,7.76,1.09,13.81,0.51
30-Sep-2020 - 00:00,74.54,210.17,8.96,34.66,25.74,16.63,8.39,1.02,17.03,0.49
01-Oct-2020 - 00:00,83.59,230.39,13.52,46.2,35.6,18.42,9.01,1.09,30.32,0.44
02-Oct-2020 - 00:00,97.42,254.12,8.13,46.68,31.46,23.26,11.12,1.36,70.26,0.36
03-Oct-2020 - 00:00,108.35,262.91,8.56,56.54,37.04,20.86,11.02,1.18,63.32,0.36
04-Oct-2020 - 00:00,104.49,259.38,12.95,56.98,40.86,21.48,13.06,1.32,72.94,0.33
05-Oct-2020 - 00:00,94.23,274.61,5.81,55.54,34.29,20.3,13.69,1.18,73.98,0.45
06-Oct-2020 - 00:00,101.23,273.86,14.39,62.94,45.21,23.54,13.5,1.18,63.4,0.4
07-Oct-2020 - 00:00,128.67,316.04,36.5,64.21,63.91,24.6,13.48,1.34,62.86,0.39
08-Oct-2020 - 00:00,110.22,298.67,18.22,64.57,49.19,24.86,14.69,1.25,83.34,0.4
09-Oct-2020 - 00:00,120.42,302.68,16.5,60.67,45.72,25.67,14.15,1.38,66.15,0.29
10-Oct-2020 - 00:00,121.94,288.43,9.85,56.97,38.33,27.22,15.94,1.54,46.4,0.27
11-Oct-2020 - 00:00,135.16,305.82,9.04,60.3,39.44,25.66,16.38,1.4,59.38,0.34
12-Oct-2020 - 00:00,166.88,367.51,46.11,76.19,78.12,27.03,16.29,1.56,51.3,0.23
13-Oct-2020 - 00:00,167.42,335.22,38.79,69.34,74.06,34.99,13.88,2.13,57.75,0.39
14-Oct-2020 - 00:00,157.01,289.97,18.58,58.39,46.2,30.32,10.85,1.38,39.28,0.17
15-Oct-2020 - 00:00,186.45,385.73,43.04,71.64,73.19,22.9,15.75,1.71,39.54,0.31
16-Oct-2020 - 00:00,160.61,353.97,46.75,70.7,75.71,21.78,18.88,1.39,76.92,0.22
17-Oct-2020 - 00:00,182.56,392.74,46.16,78.49,79.38,26.75,15.97,1.94,24.58,0.22
18-Oct-2020 - 00:00,143.91,317.83,10.91,62.83,42.31,23.58,16.65,1.4,,0.32
19-Oct-2020 - 00:00,161.32,357.45,13.64,69.24,47.95,24.85,16.54,1.41,81.1,0.36
20-Oct-2020 - 00:00,150.41,356.79,45.82,80.46,81.36,24.41,17.33,1.61,46.28,0.29
21-Oct-2020 - 00:00,158.74,335.92,85.45,79.12,129.06,27.27,17.42,2.68,44.45,0.22
22-Oct-2020 - 00:00,233.55,475.25,81.54,82.23,136.57,29.63,18.48,2.25,39.36,0.18
23-Oct-2020 - 00:00,288.23,500.45,76.92,87.47,112.57,30.64,17.46,2.33,55.26,0.22
24-Oct-2020 - 00:00,262.64,489.93,80.69,85.87,134,31.89,16.34,2.5,59.33,0.24
25-Oct-2020 - 00:00,284.32,514.6,76.44,91.28,142.5,33.68,16.03,1.48,72.46,0.2
26-Oct-2020 - 00:00,245.6,483.24,64.55,82.28,118.86,30.84,16.04,1.37,71.67,0.28
27-Oct-2020 - 00:00,218.29,417.17,43.76,69.37,72.57,26.39,12.93,1.38,48.95,0.28
28-Oct-2020 - 00:00,263.42,491.3,76.29,93.24,112.38,29.82,14.84,1.83,59.5,0.2
29-Oct-2020 - 00:00,335.19,564.98,88.86,108.13,161.25,37.01,9.73,2.19,28.58,0.14
30-Oct-2020 - 00:00,296.66,512.8,54.78,78.04,86.17,29.58,4.14,1.63,2.02,0.27
31-Oct-2020 - 00:00,347.27,551.28,22.36,74.18,57.16,29.63,8.84,1.44,21.78,0.35
01-Nov-2020 - 00:00,352.85,537.42,23.66,75.74,59.56,1.18,14.61,1.35,29.8,0.31
02-Nov-2020 - 00:00,253.28,462.04,31.62,80.77,115.54,27.26,12.56,2.26,27.9,0.26
03-Nov-2020 - 00:00,193.65,401.79,75.64,93.77,152.2,34.36,11.32,3.01,32.28,0.23
04-Nov-2020 - 00:00,418.12,635.35,76.46,101.23,134.91,52.29,14.54,3.93,32.82,0.21
05-Nov-2020 - 00:00,354.4,572.04,82.05,86.19,113.36,48.92,12.8,2.8,50.62,0.21
06-Nov-2020 - 00:00,366.98,581.21,85.03,100.36,125.85,54.48,16.29,2.81,40.23,0.23
07-Nov-2020 - 00:00,456.09,685.11,78.91,103.31,125.03,55.85,14.27,3.01,39.93,0.26
08-Nov-2020 - 00:00,530.59,693.2,61,102.24,145.27,58.97,14.13,3.48,36.54,0.15
09-Nov-2020 - 00:00,665.38,821.78,49.6,103.07,112.51,70.06,13.22,3.68,40.29,0.17
10-Nov-2020 - 00:00,414.78,559.55,104.19,102.49,158.64,76.87,12.39,4.7,40.58,0.13
11-Nov-2020 - 00:00,256.32,458.21,105.16,70.14,134.04,50.47,11.93,2.78,27.7,0.26
12-Nov-2020 - 00:00,251,420,76.33,69.45,125.19,54.48,12.72,2.69,44.24,0.17
13-Nov-2020 - 00:00,299.82,505.41,60.5,79.46,102.83,54.51,12.14,3.33,52.58,0.18
14-Nov-2020 - 00:00,551.54,727.95,55.21,105.3,101.01,54.85,20.2,3.2,38.33,0.15
15-Nov-2020 - 00:00,357.76,443.55,18.29,70.41,52.28,51.33,20.53,1.71,56.53,0.87
16-Nov-2020 - 00:00,93.34,156.42,10.56,41.41,30.63,45.53,9.34,0.96,41.36,0.74
17-Nov-2020 - 00:00,105.7,201.42,25,55.31,49.8,38.09,9.29,1.08,23.89,0.33
18-Nov-2020 - 00:00,159.25,272.17,22.86,64.5,52.94,39.21,8.74,1.29,42.37,0.26
19-Nov-2020 - 00:00,174.9,289.67,46.35,75.14,77.76,37.73,9.81,1.36,39.16,0.26
20-Nov-2020 - 00:00,211.35,342.04,21.48,70.66,55.09,36.87,9.91,1.34,46.27,0.4
21-Nov-2020 - 00:00,173.22,298.31,25.27,63.31,54.28,34.33,10.83,1.47,35.66,0.44
22-Nov-2020 - 00:00,209.31,351.2,36.62,73.23,82.74,34.63,10.42,1.73,38,0.32
23-Nov-2020 - 00:00,288.06,463.6,83.35,102.94,152.95,42.63,11.81,2.72,34.85,0.19
24-Nov-2020 - 00:00,333.92,499.49,76.59,109.53,163.74,48.25,10.33,2.78,40.41,0.16
25-Nov-2020 - 00:00,370.88,533.31,50.29,88.39,88.01,53.68,11.59,2.39,32.14,0.35
26-Nov-2020 - 00:00,131.62,233.67,31.94,50.48,52.88,44.31,8.78,1.26,18.99,0.52
27-Nov-2020 - 00:00,110.27,211.66,18.64,53.8,43.82,39.69,8.42,1.06,25.69,0.38
28-Nov-2020 - 00:00,150.12,255.14,24.4,63.22,53.52,36.96,9.63,1.38,31.96,0.37
29-Nov-2020 - 00:00,207.41,343.27,48.19,81.89,114.83,38.62,10.66,2.48,35.01,0.25
30-Nov-2020 - 00:00,273.93,446.46,81.29,92.09,132.15,47.37,10.07,2.63,31.3,0.23
01-Dec-2020 - 00:00,360.85,517.27,70.14,101.79,147.62,56.78,11.77,2.71,33.37,0.21
02-Dec-2020 - 00:00,254.03,455.88,65.87,92.04,107.99,54.93,11.04,2.07,29.83,0.27
03-Dec-2020 - 00:00,294.82,475.42,51.18,93.92,146.35,52.81,10.26,2.05,10.87,0.23
04-Dec-2020 - 00:00,419.5,627.12,88.26,102.67,133.67,57.67,9.21,3.13,25.14,0.27
05-Dec-2020 - 00:00,326.89,478.72,49.72,72.6,79.14,44.46,9.16,2.3,43.03,0.73
06-Dec-2020 - 00:00,351.54,504.93,42.79,65.33,69.58,38.74,8.97,2.23,26.6,0.39
07-Dec-2020 - 00:00,334.86,476.18,33.07,70.15,64.27,38.97,7.05,2.15,11.97,0.32
08-Dec-2020 - 00:00,353.05,455.32,80.44,70.45,103.06,36.02,8.62,2.79,13.1,0.22
09-Dec-2020 - 00:00,307.84,473.52,98.31,77.11,126.52,36.99,8.28,2.46,8.67,0.23
10-Dec-2020 - 00:00,185.79,344.92,65.76,68.77,90.19,39.98,8.09,1.74,7.52,0.26
11-Dec-2020 - 00:00,205.62,359.38,69.38,73.23,95.51,38.06,7.71,1.88,12.32,0.33
12-Dec-2020 - 00:00,278.14,380.79,38.93,61.7,64.54,60.13,7.44,2.07,11.42,0.42
13-Dec-2020 - 00:00,164.01,250.12,18.98,47.54,40.75,46.94,6.79,1.21,14.3,0.58
14-Dec-2020 - 00:00,140,206.88,15.57,46.77,37.57,45.41,8.6,0.93,17.74,0.54
15-Dec-2020 - 00:00,194.5,286.54,23.5,58.63,50.34,43.31,12,1.21,7.96,0.48
16-Dec-2020 - 00:00,201.29,290.59,19.9,55.44,45.71,47.65,7.17,1.43,24.48,0.49
17-Dec-2020 - 00:00,211.19,298.88,22.26,54.57,47.18,48.73,6.65,1.48,14.64,0.53
18-Dec-2020 - 00:00,209.81,323.46,29.74,69.69,61.3,42.88,8.04,1.64,19.69,0.48
19-Dec-2020 - 00:00,216.69,343.92,35.64,76.83,69.88,49.57,8.72,1.49,20.61,0.4
20-Dec-2020 - 00:00,244.31,375.92,42.9,84.37,79.85,49.9,9.32,1.68,16.76,0.33
21-Dec-2020 - 00:00,289.8,444.6,62.46,87.29,101.5,57.08,14.23,2.21,16.75,0.26
22-Dec-2020 - 00:00,503.58,666.21,76.13,107.8,183.16,81.26,11.92,3.11,19.36,0.21
23-Dec-2020 - 00:00,501,661.9,85.61,87.97,187.9,84.31,11.64,3.32,38.04,0.2
24-Dec-2020 - 00:00,414.5,572.55,101.71,86.09,144.46,86.26,8.72,2.73,29.98,0.26
25-Dec-2020 - 00:00,277.15,427.18,61.52,81.04,93.26,65.44,8.23,1.76,14.2,0.38
26-Dec-2020 - 00:00,341.71,450.68,47.41,83.56,83.1,64.13,7.75,1.96,10.7,0.27
27-Dec-2020 - 00:00,290.57,440.75,58.9,82.18,91.73,56.37,6.82,1.49,9.46,0.83
28-Dec-2020 - 00:00,163.82,362.54,35.77,105.6,85.32,40.78,6.71,1.19,9.04,0.47
29-Dec-2020 - 00:00,204.1,377.35,44.13,109.92,94.43,47.89,6.06,1.23,7.05,0.46
30-Dec-2020 - 00:00,250.56,344.56,43.28,105.68,91.49,53.18,5.98,1.53,6.43,0.46
31-Dec-2020 - 00:00,338.53,446.09,58.65,114.68,108.81,59.29,6.45,2.26,6.44,0.3
01-Jan-2021 - 00:00,539.42,599.89,125.19,104.69,158.16,62.16,7.44,3.89,10.41,0.3
02-Jan-2021 - 00:00,449.85,573.23,58.63,84.47,92.73,68.83,9.51,2.74,11.14,0.45
03-Jan-2021 - 00:00,180.25,230.34,36.51,53.63,58.29,74.85,7.71,1.39,8.96,0.8
04-Jan-2021 - 00:00,117.27,160.4,34.16,45.25,51.93,68.08,9.15,1.65,13.1,0.45
05-Jan-2021 - 00:00,83.54,111.25,23.33,35.27,37.78,66.48,10.2,1.24,10.1,0.43
06-Jan-2021 - 00:00,140.67,197.24,29.8,31.59,41.1,56.39,7.68,1.49,12.93,0.4
07-Jan-2021 - 00:00,166.54,236.58,16.71,31.15,30.19,49.53,6.54,1.33,15.13,0.52
08-Jan-2021 - 00:00,183.25,291.33,19.5,36.28,35.2,34.33,13.42,1.18,12.42,0.28
09-Jan-2021 - 00:00,195.54,299.25,19.41,41.05,37.65,45.4,11.84,1.28,10.82,0.47
10-Jan-2021 - 00:00,178,255.71,13.7,38.52,31.66,47.6,5.63,1.15,14.91,0.56
11-Jan-2021 - 00:00,185.88,262.88,15.84,44.87,36.79,47.09,6.48,1.3,15.48,0.51
12-Jan-2021 - 00:00,265.54,353.67,31.56,49.04,51.81,46.43,6.27,1.43,13.9,0.32
13-Jan-2021 - 00:00,281.42,420.79,41.25,54.5,62.61,43.63,8.51,2.29,16.86,0.25
14-Jan-2021 - 00:00,393.12,532.75,54.71,60.49,76.77,48.25,8.15,2.57,12.55,0.29
15-Jan-2021 - 00:00,541.68,620.5,50.98,68.09,77.78,52.64,14.01,2.84,14.26,0.23
16-Jan-2021 - 00:00,321.04,435.54,27.79,56.86,52.89,48.88,8.72,2.36,11.34,0.34
17-Jan-2021 - 00:00,252.28,336.5,11.57,41.12,31.31,41.82,9.9,1.6,17.24,1.07
18-Jan-2021 - 00:00,311.65,440.28,45.34,49.81,63.42,37.29,14.42,2.52,14.23,0.63
19-Jan-2021 - 00:00,271.99,384.31,34.67,45.34,52.38,45.06,11.54,2.19,15.17,0.47
20-Jan-2021 - 00:00,184.76,258.23,10.93,42.41,31.48,36.85,9.08,1.63,14.02,0.59
21-Jan-2021 - 00:00,246.74,361.22,39.47,52.67,80.2,32.07,11.73,2.58,20.01,0.47
22-Jan-2021 - 00:00,329.96,476.53,59.73,54.87,104.05,36.26,10.61,2.51,13.47,0.8
23-Jan-2021 - 00:00,198.12,298.35,18.06,45.18,38.75,34.19,11.62,1.42,14.56,1.21
24-Jan-2021 - 00:00,300.94,461.19,42.7,48.4,60.55,37.11,8.44,2.14,8.35,0.35
25-Jan-2021 - 00:00,231.08,345.56,32.39,45.83,50.78,34.9,8.98,2.66,11.74,0.37
26-Jan-2021 - 00:00,270.25,419.36,29.07,61.48,56.4,30.48,9.75,1.83,14.71,0.28
27-Jan-2021 - 00:00,263.4,445.44,33.69,63.98,61.49,30.02,11.99,1.85,13.52,0.33
28-Jan-2021 - 00:00,338.1,505.34,69.06,64.29,91.18,30.1,11.16,2.18,11.41,0.21
29-Jan-2021 - 00:00,297.39,466.48,47.5,69.79,75.85,7.14,10,1.85,9.84,0.35
30-Jan-2021 - 00:00,251.82,355.15,25.58,61.25,53.43,4.82,11.78,1.59,13.76,0.35
31-Jan-2021 - 00:00,278.16,440.12,83.7,71.79,106.43,3.69,11.93,2.59,12.89,0.23
01-Feb-2021 - 00:00,360.85,572.43,78.38,76.03,112.51,3.63,14.09,2.89,11.21,0.23
02-Feb-2021 - 00:00,323.66,531.76,81.36,98.53,126.24,5.66,35.12,2.99,11.6,0.25
03-Feb-2021 - 00:00,214.82,356.88,45.84,85.1,82.64,7.09,31.64,1.78,8.68,1
04-Feb-2021 - 00:00,152.65,224.41,31.67,86.12,71.63,13.93,14.33,1.29,6.77,0.59
05-Feb-2021 - 00:00,93.6,169.57,29.73,71.77,62.41,38.01,8.15,1.26,10.84,0.34
06-Feb-2021 - 00:00,153,239.77,28.31,68.57,59.55,37.59,8.23,0.99,11.17,0.48
07-Feb-2021 - 00:00,204.38,305.71,32.78,77.57,67.99,35.14,8.42,1.1,6.48,0.39
08-Feb-2021 - 00:00,270.31,436.05,53.48,92.32,86.48,34.19,8.21,2.01,9.54,0.29
09-Feb-2021 - 00:00,272.75,439.19,52.25,64.61,79.71,35.45,7.23,2.18,10.5,0.26
10-Feb-2021 - 00:00,280.5,477.49,105.77,70.25,123.6,32.61,5.73,2.29,6.52,0.33
11-Feb-2021 - 00:00,217.81,361.47,41.56,66.89,69.46,33.25,7.14,1.65,7.04,0.27
12-Feb-2021 - 00:00,259.02,418.71,48.88,47.06,64.88,,7.01,1.87,8.01,0.29
13-Feb-2021 - 00:00,246.76,437.87,31.38,50.23,52.3,37.75,12.08,1.69,12.17,0.33
14-Feb-2021 - 00:00,228.39,387.89,63.14,32.62,68.83,34.68,7.2,2.11,7.34,0.29
15-Feb-2021 - 00:00,195.39,347.8,64.77,39.64,73.89,36.05,6.95,1.8,7.18,0.33
16-Feb-2021 - 00:00,191.4,354.61,48.91,58.79,71.14,33.72,6.29,1.53,6.36,0.39
17-Feb-2021 - 00:00,250.96,448.29,64.8,74.8,92.62,42.7,7.86,1.93,8.41,0.29
18-Feb-2021 - 00:00,181.44,342.61,67.77,73.83,94.52,45.84,6.87,1.64,6.61,0.27
19-Feb-2021 - 00:00,248.56,425.58,77.88,60.66,95.77,47.08,7.49,1.83,6.62,0.33
20-Feb-2021 - 00:00,172.44,324.04,51.28,58.83,73.1,51.17,7.37,1.48,8.55,0.38
21-Feb-2021 - 00:00,243.82,392.8,52.57,73.07,81.73,59.26,5.95,1.35,6.61,0.44
22-Feb-2021 - 00:00,210.12,374.73,65.12,79.78,95.52,59.55,6.5,1.81,6.27,0.47
23-Feb-2021 - 00:00,224.12,453.29,91.93,89.35,122.47,60.93,6.14,1.96,6.42,0.3
24-Feb-2021 - 00:00,249,507.4,90.73,79.54,154.1,59.8,7.58,2.38,7.17,0.31
25-Feb-2021 - 00:00,191.4,401.97,106.44,64.08,121.02,47.98,10.91,1.64,7.92,0.5
26-Feb-2021 - 00:00,160.75,348.29,123.34,29.95,124.85,,8.17,1.63,7.01,0.49
27-Feb-2021 - 00:00,90.94,267.09,124.79,27.44,132.31,29.64,6.99,1.17,7.23,0.45
28-Feb-2021 - 00:00,91.14,265.03,111.98,46.03,115.78,33.62,8.17,0.89,6.57,0.51
01-Mar-2021 - 00:00,88.41,274.74,45.94,47.43,62.68,18.37,11.62,0.62,8.52,0.81
02-Mar-2021 - 00:00,83.41,287.77,35.91,46.18,53.83,31.2,14.3,0.57,8.73,0.97
03-Mar-2021 - 00:00,132.51,304.44,48.75,37.16,59.51,21.65,7.41,1.03,6.99,0.54
04-Mar-2021 - 00:00,159.39,363.41,65.78,56.69,87.98,28.64,11.22,1.51,12.58,0.34
05-Mar-2021 - 00:00,128.5,306.55,54.48,50.43,71.23,26.14,9.68,0.89,7.1,0.71
06-Mar-2021 - 00:00,132.45,300.85,37.62,50.67,57.63,34.39,8.6,0.93,6.57,0.6
07-Mar-2021 - 00:00,151.03,355.48,72.07,38.38,79.17,30.59,7.5,1.34,7.46,0.98
08-Mar-2021 - 00:00,110.85,282.45,17.53,42.03,36.64,43.44,7.74,1,11.38,1.27
09-Mar-2021 - 00:00,146.65,350.06,30.95,25.12,38.6,38.01,6.93,1.23,7.43,0.97
10-Mar-2021 - 00:00,93.33,238.65,25.69,26.44,35.01,30.67,6.47,1,7.95,0.39
11-Mar-2021 - 00:00,129.39,314.66,41.88,19.11,44.31,36.94,7.66,1.26,8.03,0.6
12-Mar-2021 - 00:00,84.08,186.5,48.18,20.65,50.26,39.12,7.24,1.08,8.06,0.91
13-Mar-2021 - 00:00,146.94,289.19,33.57,27.81,42.16,40.04,7.8,1.04,6.46,0.41
14-Mar-2021 - 00:00,131.12,264.74,25.63,32.08,37.95,42.64,7.11,0.89,5.13,0.41
15-Mar-2021 - 00:00,120.94,286.97,30.8,39.17,45.93,48.75,8.08,0.92,6.55,0.43
16-Mar-2021 - 00:00,130.31,383.2,26.2,28.61,36.58,40.6,7.75,0.84,5.8,0.44
17-Mar-2021 - 00:00,129.65,410.04,22.09,24.56,31.07,38.98,7.08,0.86,6.27,0.37
18-Mar-2021 - 00:00,129.7,434.53,37.42,26.51,44.61,40.11,6.85,1.08,6.94,0.29
19-Mar-2021 - 00:00,106.69,331.99,25.64,22.22,32.73,42.69,7.32,0.93,7.35,0.37
20-Mar-2021 - 00:00,181.93,332.31,30.52,47.75,50.28,67.67,6.18,0.87,6.73,0.3
21-Mar-2021 - 00:00,,,,,,,,,,
22-Mar-2021 - 00:00,68.28,326.18,14.58,26.93,26.22,46.97,7.86,1.18,7.34,0.78
23-Mar-2021 - 00:00,70.56,308.26,33.58,26.07,41.24,43.15,7.3,0.98,6.75,0.8
24-Mar-2021 - 00:00,85.66,241.26,29.98,26.99,38.8,41.58,8.13,0.83,5.97,0.42
25-Mar-2021 - 00:00,72.25,212.6,18.28,35.74,33.91,39.45,10.75,0.67,15.85,0.54
26-Mar-2021 - 00:00,106.17,244.95,14.54,45.15,35.84,35.98,22.01,0.96,38.21,0.45
27-Mar-2021 - 00:00,138.36,317.89,37.11,62.96,63.73,38.57,31.47,1.16,41.23,0.33
28-Mar-2021 - 00:00,119.71,282.46,34.84,54.02,57.13,39.24,22.14,0.83,55.68,0.45
29-Mar-2021 - 00:00,85.92,270.75,26.79,48.28,47.51,40.69,18.12,1.71,47.24,0.3
30-Mar-2021 - 00:00,103.44,419.11,29.94,37.66,43.89,47.24,15.82,1.07,42.74,0.71
31-Mar-2021 - 00:00,63.14,287.88,7.37,31.3,22.57,29.17,16.83,0.52,50.63,0.64
01-Apr-2021 - 00:00,59.26,292.2,7.57,30.07,22.16,26.06,17.12,0.45,47.33,0.79
02-Apr-2021 - 00:00,93.9,246.08,17.17,47.97,39.52,23.91,25.03,0.78,35.06,0.44
03-Apr-2021 - 00:00,97.04,252.67,40.15,52.03,60.4,33.76,23.17,0.92,41.03,0.3
04-Apr-2021 - 00:00,109.06,265.27,24.39,55.29,49.29,35.47,27.97,1.04,39.81,0.38
05-Apr-2021 - 00:00,101.12,267.41,24.05,64.61,53.89,39.63,31.22,1.19,53.99,0.39
06-Apr-2021 - 00:00,152.85,389.46,15.44,62.99,46.09,47.61,33.92,1.26,70.96,0.65
07-Apr-2021 - 00:00,76.1,272.55,7.56,35.65,25.12,40,17.22,0.65,55.25,0.62
08-Apr-2021 - 00:00,75.69,228.51,16.11,49.49,39.46,38.62,19.9,0.82,51,0.37
09-Apr-2021 - 00:00,80.53,248.36,28.66,60.57,55.58,36.97,23.11,0.9,38.51,0.47
10-Apr-2021 - 00:00,76.9,239.29,23.98,58.72,50.79,35.79,28.49,0.81,40.04,0.35
11-Apr-2021 - 00:00,102.19,289.52,27.39,60.06,54.28,37.78,29.43,1.1,56.13,0.31
12-Apr-2021 - 00:00,130.35,339.8,29.95,58.89,55.7,41.11,30.64,1.03,35.51,0.3
13-Apr-2021 - 00:00,122.31,334.16,22.63,54.82,47.53,38.99,27.75,0.89,40.91,0.38
14-Apr-2021 - 00:00,74,262.83,15.86,50.14,39.6,39.06,22.4,0.78,39.91,0.44
15-Apr-2021 - 00:00,112.82,334.79,19.77,52.54,44.06,30.7,24.88,0.91,40.67,0.4
16-Apr-2021 - 00:00,89.66,328.86,23.06,48,44.32,39.57,24.3,0.71,40.59,0.74
17-Apr-2021 - 00:00,62.98,140.86,10.36,31.27,25.08,49.5,13.51,0.65,36.03,0.48
18-Apr-2021 - 00:00,108.69,250.31,10.28,37.93,28.46,44.35,25.2,0.89,50.42,0.32
19-Apr-2021 - 00:00,110.52,306.56,20.79,51.75,44.42,43.58,22.08,1.02,41.13,0.38
20-Apr-2021 - 00:00,82.96,260.64,7.53,34.27,24.36,41.31,28.88,0.53,44.77,0.61
21-Apr-2021 - 00:00,62.64,141.18,5.49,22.34,16.23,40,15.79,0.55,50.72,0.42
22-Apr-2021 - 00:00,53.77,162.35,5.09,29.34,19.64,34.79,17.37,0.56,62.82,0.86
23-Apr-2021 - 00:00,49.19,134.68,6.51,25.68,18.96,34.32,16.41,0.6,44.68,0.84
24-Apr-2021 - 00:00,62.24,162.1,8.79,37.53,27.09,30.4,15.6,0.67,47.33,0.48
25-Apr-2021 - 00:00,114.29,236.23,17.68,42.28,36.91,33.51,24.48,1,51.5,0.41
26-Apr-2021 - 00:00,223.44,389.22,42.2,63.4,68.88,32.12,37,1.89,58.96,0.28
27-Apr-2021 - 00:00,235.23,454.49,61.62,67.37,98.2,41.68,34.69,1.99,57.04,0.31
28-Apr-2021 - 00:00,250.14,453.47,34.97,57.86,59.28,40.31,34.74,1.64,58,0.3
29-Apr-2021 - 00:00,184.53,413.42,14.46,44.41,35.15,37.76,29.04,1,57.99,0.42
30-Apr-2021 - 00:00,135.1,364.21,17.14,43.72,37.19,39.01,26.62,1.03,58.56,0.38
01-May-2021 - 00:00,78.35,255.25,6.9,32.67,22.96,38.81,20.46,0.74,82.09,0.6
02-May-2021 - 00:00,81.32,234.64,10.26,38.23,28.7,40.63,17.34,0.88,55.07,0.57
03-May-2021 - 00:00,109.96,324.86,7.16,34.31,24.06,36.62,20.4,0.9,43.6,0.34
04-May-2021 - 00:00,69.85,204.16,6.95,32.17,22.71,42.53,15.72,0.82,51.63,0.52
05-May-2021 - 00:00,66.83,191.6,5.8,26.77,18.97,50.34,19.42,0.81,76.04,0.91
06-May-2021 - 00:00,51.61,158.44,5.99,23.25,17.15,53.09,13.52,0.72,64.75,1.15
07-May-2021 - 00:00,66.09,134.79,9.01,31.06,23.8,54.79,14.99,0.89,55.98,0.42
08-May-2021 - 00:00,95.08,181.71,13.27,40.37,32.25,51.13,16.68,0.96,64.48,0.4
09-May-2021 - 00:00,59.73,151.86,6.48,29.36,20.9,50.79,15.41,0.77,75.97,0.87
10-May-2021 - 00:00,61.18,172.62,12.54,43.69,33.18,54.47,16.07,0.77,45.55,0.74
11-May-2021 - 00:00,58.65,151.45,8.3,25.33,20.15,58.83,13.17,0.83,52.19,0.77
12-May-2021 - 00:00,43.27,158.59,8.92,25.04,20.6,49.77,13.75,0.72,42.9,0.74
13-May-2021 - 00:00,43.69,91.93,7.85,24.16,19.25,51.86,12.68,0.77,45.24,1
14-May-2021 - 00:00,57.41,128.59,7.34,26.6,20.03,50.48,15.59,0.84,51.72,0.6
15-May-2021 - 00:00,48.65,195.17,11.08,30.71,25.36,35.24,14.35,0.72,44.21,0.56
16-May-2021 - 00:00,93.29,192.35,23.7,38.54,42.19,32.91,24.79,1.59,54.29,0.29
17-May-2021 - 00:00,106.38,262.96,32.73,68.56,68.07,44.02,19.51,1.42,42.28,0.42
18-May-2021 - 00:00,24.65,73.98,7.43,26.77,20.31,44.4,12.36,0.68,28.88,0.96
19-May-2021 - 00:00,39.99,60.52,7.63,19.08,16.37,40.1,10,0.84,23.46,0.78
20-May-2021 - 00:00,43.59,73.88,7.72,21.99,17.94,40.84,10.19,1.09,34.97,0.8
21-May-2021 - 00:00,28.98,68.32,9.24,28.22,22.49,37.12,11.99,0.94,37.26,0.88
22-May-2021 - 00:00,38.27,83.3,10.92,27.73,23.61,34.1,12.75,1.09,45.1,0.55
23-May-2021 - 00:00,120.23,411.43,8.67,27.07,21.47,36.65,11.32,0.92,36.47,0.38
24-May-2021 - 00:00,68.88,192.16,6.92,32,22.61,34.24,14.42,0.77,47.05,0.42
25-May-2021 - 00:00,60.98,184.36,13.35,39.61,31.95,36.1,15.29,0.89,52.99,0.48
26-May-2021 - 00:00,85.48,217.49,31.28,50.94,52.51,38.56,18.68,1.38,47.51,0.33
27-May-2021 - 00:00,67.91,185.46,21.14,45.9,41.61,48.85,13.07,1.22,44.49,0.4
28-May-2021 - 00:00,28.2,103.94,6.33,21.74,16.64,51.8,11,0.68,51.68,1.64
29-May-2021 - 00:00,14.91,104.47,5.8,16.16,13.29,37.36,10.81,0.57,46.27,1.94
30-May-2021 - 00:00,23.11,125.81,5.87,21.13,15.94,29.11,10.5,0.64,48.09,1.22
31-May-2021 - 00:00,42.71,169.54,14.95,43.57,35.36,22.67,13.74,0.9,43.95,0.61
01-Jun-2021 - 00:00,26.24,115.14,9.25,23.19,19.88,22.38,9.73,0.7,46.51,0.81
02-Jun-2021 - 00:00,60.55,151.51,11.84,32.13,26.67,28.35,14.02,0.95,42.94,0.53
03-Jun-2021 - 00:00,81.79,181.32,9.28,36.76,27.11,35.33,14.23,1.02,68.8,0.3
04-Jun-2021 - 00:00,87.05,192.54,8.96,30.34,23.42,42.88,14.53,0.95,54.4,0.56
05-Jun-2021 - 00:00,44,127.64,9.45,32.23,24.84,38.3,11.9,0.77,47.17,0.69
06-Jun-2021 - 00:00,46.51,179.38,13.4,34.25,29.13,35.83,11.48,0.94,43.04,0.27
07-Jun-2021 - 00:00,75.58,215.43,11.83,43.63,33.01,33.51,14.96,1.19,46.01,0.36
08-Jun-2021 - 00:00,81.6,447.94,15.58,35.04,31.34,33.63,14.45,1.07,19.38,0.38
09-Jun-2021 - 00:00,65.88,372.95,11.75,30.02,25.48,31.98,13.4,1.02,24.03,0.53
10-Jun-2021 - 00:00,53.35,225.24,10.06,22.91,20.39,48.06,10.05,0.88,34.44,1.44
11-Jun-2021 - 00:00,34.18,145.27,9.97,31.09,24.72,43.14,9.69,0.85,42.07,1.07
12-Jun-2021 - 00:00,35.03,114.57,9.22,23.03,19.79,42.59,9.99,0.81,32.26,1.57
13-Jun-2021 - 00:00,46.06,103.25,9.93,24.74,21.25,35.69,9.55,0.97,28.18,0.74
14-Jun-2021 - 00:00,39.21,107.06,10.13,23.68,20.86,36.74,10.07,0.84,39.48,0.66
15-Jun-2021 - 00:00,32.64,136.09,8.96,19.21,17.52,38.88,9.9,0.72,34.5,0.93
16-Jun-2021 - 00:00,42.69,93.26,8.86,23.38,19.6,30.84,9.01,0.91,30.11,0.58
17-Jun-2021 - 00:00,54.8,116.03,13,23.31,23,38.67,7.25,0.99,22.18,0.5
18-Jun-2021 - 00:00,26.31,69.99,9.96,19.12,18.3,39.81,8.34,0.74,27.66,0.95
19-Jun-2021 - 00:00,27,64.04,9.81,15.21,16.08,34.49,9.29,0.68,16.8,0.6
20-Jun-2021 - 00:00,20.82,43.25,7.79,11.72,12.6,29.93,7.83,0.68,19.22,0.53
21-Jun-2021 - 00:00,33.92,75.7,9.79,20.42,18.85,28.38,8.19,0.9,25.17,0.45
22-Jun-2021 - 00:00,52.29,172.97,9.62,29.55,23.51,28.01,10.22,0.91,39.02,0.45
23-Jun-2021 - 00:00,81.04,283.69,23.12,34.88,37.4,29.93,11.24,0.99,50.04,0.49
24-Jun-2021 - 00:00,51.31,155.8,9.01,22.48,19.3,32.77,8.04,0.8,39.42,1
25-Jun-2021 - 00:00,60.4,193.56,10.67,28.44,23.82,34.75,10.24,0.83,38.98,0.48
26-Jun-2021 - 00:00,46.15,150.64,11.67,31.01,26.01,28.29,8.79,1.02,32.37,0.43
27-Jun-2021 - 00:00,73.92,187.07,11.18,28.29,24.16,33.22,9.16,1,47.86,0.56
28-Jun-2021 - 00:00,60.29,157.95,11.35,34.44,27.57,39.22,9.34,1.03,51.04,0.43
29-Jun-2021 - 00:00,78.85,249.07,12.86,45.96,34.93,36.58,11.02,1.18,41.48,0.49
30-Jun-2021 - 00:00,71.02,372.83,11.54,33.69,27.33,37.79,11.47,0.88,23.4,0.47
01-Jul-2021 - 00:00,52.65,260.76,10.21,18.07,17.95,34.53,10.65,1,24.35,0.42
02-Jul-2021 - 00:00,58,286.9,11.59,20.24,20,35.98,10.56,0.76,18.86,0.69
03-Jul-2021 - 00:00,38.17,146.58,11.07,27.84,23.83,41.71,7.79,0.74,24.54,0.67
04-Jul-2021 - 00:00,74.66,229.53,11.89,12.84,16.53,19.47,12.01,0.87,14.08,0.37
05-Jul-2021 - 00:00,64.4,195.24,12.51,9.19,15.09,17.87,7.08,0.78,8.61,0.28
06-Jul-2021 - 00:00,53.69,203.92,7.72,9.13,11.08,22.57,7.16,0.9,8.64,0.41
07-Jul-2021 - 00:00,73.23,235.4,9.69,12.34,14.47,26.13,6.67,0.98,8.53,0.42
08-Jul-2021 - 00:00,49.39,223.01,8.8,10.56,12.79,27.55,7.36,0.75,6.75,0.54
09-Jul-2021 - 00:00,41.94,107.46,6.33,8.63,9.75,26.5,6.7,0.75,7.62,1.1
10-Jul-2021 - 00:00,31.88,87.24,5.96,14.36,12.44,27.62,7.56,0.76,9.33,1.05
11-Jul-2021 - 00:00,39.88,104.45,5.16,23.19,16.48,25.82,7.28,0.7,10.64,1.65
12-Jul-2021 - 00:00,32.22,81.88,4.32,21.81,15.09,24.95,6.94,0.67,8.08,1.62
13-Jul-2021 - 00:00,27.1,56.5,7.4,22.22,17.86,29.4,6.85,0.79,3.08,0.79
14-Jul-2021 - 00:00,35.22,65.76,13.67,31.18,27.73,22.92,6.92,0.87,2.22,0.54
15-Jul-2021 - 00:00,46.59,81.51,14.75,28.7,27.29,25.08,7.24,0.98,3.13,0.63
16-Jul-2021 - 00:00,51.42,107.5,12.51,28.82,25.53,32.06,7.53,0.96,3.84,0.58
17-Jul-2021 - 00:00,54.73,120.95,9.91,26.5,22.18,28.97,6.62,0.9,4.81,0.58
18-Jul-2021 - 00:00,33.58,86.74,7.78,27.67,21.06,24.99,6.55,0.8,3.5,0.83
19-Jul-2021 - 00:00,18.11,31.36,8.67,30.02,23.04,31.71,7.5,0.8,4.32,0.52
20-Jul-2021 - 00:00,37.4,66.4,16.06,27.48,27.71,28.65,6.62,0.94,5.55,0.35
21-Jul-2021 - 00:00,43.48,94.72,28.04,33.78,40.83,44.24,7.01,1.18,2.33,0.32
22-Jul-2021 - 00:00,20.38,56.85,6,24.2,17.8,132.88,,0.16,10.55,
23-Jul-2021 - 00:00,40.18,111.04,20.85,34.81,35.39,68.39,11.19,1.12,11.15,0.48
24-Jul-2021 - 00:00,47.8,107.48,52.39,38.98,63.44,44.44,7.52,0.88,9.81,0.5
25-Jul-2021 - 00:00,43.66,102.65,41.64,34.82,52.47,41.75,6.32,0.68,9.16,0.75
26-Jul-2021 - 00:00,50.38,103.75,27.38,34.29,40.56,38.51,7.45,0.85,11.16,0.67
27-Jul-2021 - 00:00,43.07,77.12,35.38,34.97,47.45,34.42,6.32,0.94,8.57,0.33
28-Jul-2021 - 00:00,26.74,53.67,44.47,42.72,58.98,34.89,6,0.82,7.26,0.27
29-Jul-2021 - 00:00,27.5,66.71,36.92,32.75,47.52,33.05,6.71,0.75,8.3,0.41
30-Jul-2021 - 00:00,31.03,58.38,25.82,21.7,32.58,29.87,6.75,0.81,8.14,0.41
31-Jul-2021 - 00:00,27.97,58.88,24.52,24.83,33.18,37.35,8.17,0.69,9.66,0.44
01-Aug-2021 - 00:00,42.33,59.84,63.01,37.44,71.3,55.9,6.83,0.91,9.1,0.43
02-Aug-2021 - 00:00,48.93,62.27,72.04,42,81.07,48.55,6.49,1,7.92,0.26
03-Aug-2021 - 00:00,29.26,70.23,34.79,33.75,46.32,41.65,7.91,0.72,9.74,0.52
04-Aug-2021 - 00:00,30.8,80.67,33.13,29.7,42.76,28.98,7.1,0.64,7.78,0.56
05-Aug-2021 - 00:00,42.84,92.44,31.27,27.71,40.23,28.58,7.7,0.78,9.48,0.36
06-Aug-2021 - 00:00,41.5,97.48,25.58,31.19,37.45,34.23,6.99,0.69,8.77,0.31
07-Aug-2021 - 00:00,48.32,106.52,30.9,28.03,40.11,41.44,7.15,0.9,7.96,0.36
08-Aug-2021 - 00:00,49.12,87.61,38.28,31.3,47.85,40.07,7.27,0.94,5.72,0.34
09-Aug-2021 - 00:00,60.26,117.29,34.66,35.63,47.21,35,6.33,0.84,6.19,0.53
10-Aug-2021 - 00:00,47.73,181.78,28.32,34.04,41.19,33.86,6.81,0.77,5.76,0.32
11-Aug-2021 - 00:00,35.65,155.18,23.29,31.63,35.81,33.62,6.37,0.65,6.24,0.3
12-Aug-2021 - 00:00,36.48,160.04,19.49,29.78,31.73,37.97,6.59,0.77,7.15,0.33
13-Aug-2021 - 00:00,43,158.72,16.74,27.96,28.53,52.25,6.64,0.74,13.21,0.3
14-Aug-2021 - 00:00,34.19,146.27,7.76,21.27,17.65,55.26,8.64,0.68,13.3,0.35
15-Aug-2021 - 00:00,39,162.3,7.26,19.79,16.45,47.55,8.07,0.78,13.4,0.36
16-Aug-2021 - 00:00,40.02,174.3,7.73,23.44,18.81,48.71,12.29,0.96,19.26,0.36
17-Aug-2021 - 00:00,56.07,212.82,10.8,30.51,25.03,53.09,11.9,1.06,13.59,0.39
18-Aug-2021 - 00:00,64.8,206.29,11.04,39.72,30.13,70.27,9.96,0.98,30.45,0.41
19-Aug-2021 - 00:00,70.7,190.2,12.52,35.55,29.12,49.78,9.97,1.09,22.79,0.38
20-Aug-2021 - 00:00,35.46,75.84,9.69,24.49,20.93,52.05,8.68,0.75,13.72,0.79
21-Aug-2021 - 00:00,24.55,35.4,13.35,25.47,24.43,42.12,7.55,0.92,14.37,0.57
22-Aug-2021 - 00:00,39.23,69.95,19.49,26.8,30.15,46.97,7.23,1.18,17.6,0.84
23-Aug-2021 - 00:00,45.36,96.71,18.25,34.92,33.45,48.84,7.67,1.27,31.4,0.29
24-Aug-2021 - 00:00,63.85,135.41,21.74,30.86,34.14,31.27,7.53,1.58,15.26,0.29
25-Aug-2021 - 00:00,44.39,155.23,14.59,26.84,26.17,52.45,8.37,0.98,13.4,0.39
26-Aug-2021 - 00:00,43.09,180.36,15.44,29.04,28.04,44.94,7.62,1.04,17.43,0.27
27-Aug-2021 - 00:00,45.27,190.99,13.61,34.72,29.56,37.27,8.33,0.73,20.73,0.42
28-Aug-2021 - 00:00,53.12,161.92,15.92,36.1,32.18,37.35,8.53,1.05,27.51,0.5
29-Aug-2021 - 00:00,57.21,140.2,14.67,30.63,28.25,39.89,7.79,0.88,23.47,0.86
30-Aug-2021 - 00:00,22.83,59.16,11.08,23.25,21.41,42.79,7.56,0.68,19.37,0.87
31-Aug-2021 - 00:00,24.52,50.35,17.26,26.71,28.28,32.54,8.56,0.89,9.84,0.65
01-Sep-2021 - 00:00,25.52,42.69,21.53,24.62,30.66,29.29,7.91,0.86,9.69,0.4
02-Sep-2021 - 00:00,31.17,63.82,26.86,26.45,35.97,23.94,7.31,1.17,14.58,0.36
03-Sep-2021 - 00:00,26.66,69.61,16.34,28.42,28.44,27.31,7.53,0.98,25.77,0.68
04-Sep-2021 - 00:00,32.55,72.99,26.51,33.92,39.66,28.19,7.93,1.3,27.26,0.41
05-Sep-2021 - 00:00,49.85,114.22,51.23,37.12,61.51,58.34,8.15,1.31,16.04,0.3
06-Sep-2021 - 00:00,66.46,147.59,12.23,37.05,29.39,38.69,8.2,1.46,43.17,0.25
07-Sep-2021 - 00:00,46.17,87,11.39,26.31,23.29,29.77,7.52,0.9,15.99,0.72
08-Sep-2021 - 00:00,33.23,81,16.24,27.14,27.68,35.95,8.66,0.96,20.48,1.01
09-Sep-2021 - 00:00,40.15,96.53,36.3,31.62,46.41,32.47,7.96,0.93,16.14,0.77
10-Sep-2021 - 00:00,35.44,76.09,14.75,24.72,25.17,29.4,8.8,0.82,18.95,1.02
11-Sep-2021 - 00:00,18.28,30.48,10.74,26.16,22.67,28.47,7.35,0.82,16.81,0.67
12-Sep-2021 - 00:00,35.21,68.73,16.21,29.86,29.09,25.69,6.68,1.11,24.69,0.48
13-Sep-2021 - 00:00,34.58,69.23,18.3,24.34,27.87,21.66,7.15,0.87,14.76,0.4
14-Sep-2021 - 00:00,29.72,68.17,13.49,18.22,20.7,16.86,6.58,0.97,1.63,0.28
15-Sep-2021 - 00:00,22.54,87.5,23.75,24.38,32.34,34.98,8.08,1.19,10.62,0.72
16-Sep-2021 - 00:00,33.67,83.31,29.99,25.91,38.23,25.96,7.1,1.18,15.21,0.4
17-Sep-2021 - 00:00,24.27,55.68,17.94,19.91,25.22,38.79,7.36,0.69,17.18,0.41
18-Sep-2021 - 00:00,30.51,70.04,21.03,23.99,29.91,31.44,8.15,0.81,22.09,0.52
19-Sep-2021 - 00:00,41.43,98.24,16.93,21.42,25.2,26.58,7.79,0.85,25.45,0.76
20-Sep-2021 - 00:00,35.41,99.09,20.25,26.34,30.52,69.19,8.86,1.03,21.81,0.63
21-Sep-2021 - 00:00,29.4,71.88,23.86,25.97,33.28,66.11,8.03,0.92,23.26,0.7
22-Sep-2021 - 00:00,30.4,69.93,19.99,28.14,31.27,61.18,8.69,0.73,23.5,0.8
23-Sep-2021 - 00:00,30.07,78.66,16.3,23.45,25.77,62.53,8.7,0.63,24.68,0.96
24-Sep-2021 - 00:00,28.6,64.66,21.34,27.03,31.78,59.47,8.62,0.81,21,0.47
25-Sep-2021 - 00:00,30.02,61.91,19.03,23.57,28.06,60.55,7.95,0.68,21.69,0.34
26-Sep-2021 - 00:00,41.79,91.38,19.94,26.83,30.53,59.6,10.18,0.91,43.18,0.56
27-Sep-2021 - 00:00,65.33,134.93,22.1,30.53,34.26,60.7,10.75,0.99,47.38,0.39
28-Sep-2021 - 00:00,45.75,112.55,20.63,27.01,31.19,63.22,10.19,0.89,29.27,0.67
29-Sep-2021 - 00:00,39.64,129.73,22.43,25.45,31.82,68.06,10.22,0.86,33.09,0.84
30-Sep-2021 - 00:00,32.34,102.59,20.95,29.42,32.73,66.41,9.96,0.85,32.08,0.61
01-Oct-2021 - 00:00,55.37,154.95,35.72,42.59,51.77,65.74,9.43,1.43,33.37,0.29
02-Oct-2021 - 00:00,58.9,161.38,25.51,29.66,36.58,71.69,9.72,0.88,23.43,0.34
03-Oct-2021 - 00:00,51.76,138,19.95,28.47,31.42,83.72,9.16,0.63,17.31,0.34
04-Oct-2021 - 00:00,41.58,126.57,25.47,26.23,34.72,25.11,10.43,0.84,22.36,0.29
05-Oct-2021 - 00:00,44.59,129.03,16.3,37.59,33.27,23.28,12.23,1.05,29.48,0.25
06-Oct-2021 - 00:00,56.78,152.38,12.29,31.42,26.73,70.52,6.95,0.79,22.84,0.38
07-Oct-2021 - 00:00,69.54,199.96,19.27,44.32,39.29,94.96,6.98,1.11,22.4,0.46
08-Oct-2021 - 00:00,75.89,244.61,32.97,53.68,55.44,88.05,8.88,1.14,23.85,0.47
09-Oct-2021 - 00:00,68.04,252.53,51.05,58.39,72.68,97.98,10.15,1.26,16.84,0.27
10-Oct-2021 - 00:00,62.45,244.46,77.69,66.5,98.71,95.64,7.98,1.67,12.52,0.18
11-Oct-2021 - 00:00,60.67,217.74,96.66,56.62,112.29,94.07,9.18,1.5,8.62,0.23
12-Oct-2021 - 00:00,64.31,270.46,61.36,36.06,72.94,69.71,7.27,1.45,20.28,0.32
13-Oct-2021 - 00:00,78.64,270.12,25.9,43,43.98,83.08,5.35,1.12,13.12,0.49
14-Oct-2021 - 00:00,68.4,267.32,23.21,51.05,46.07,74.77,3.76,0.97,10.08,0.26
15-Oct-2021 - 00:00,77,288.67,34.32,60.1,59.95,80.42,7.82,1.98,27.02,0.27
16-Oct-2021 - 00:00,,357.57,43.73,53.86,64.3,87.64,4.44,1.69,10.48,0.23
17-Oct-2021 - 00:00,42.88,187.25,24,28.59,34.78,97.61,2.32,1.15,7.45,0.5
18-Oct-2021 - 00:00,33.32,55.27,23.51,27.08,33.58,79.62,2.89,0.99,8.18,0.48
19-Oct-2021 - 00:00,62.4,164.15,21.57,41.95,39.85,85.01,3.56,1.25,9.17,0.27
20-Oct-2021 - 00:00,80.5,275.64,36,57.34,59.86,85.4,6.39,1.59,10.86,0.24
21-Oct-2021 - 00:00,68.62,297.67,49.44,63.11,73.87,87.3,4.74,1.01,12.28,0.23
22-Oct-2021 - 00:00,50.48,224.54,45.07,46.09,61.21,73.61,6.33,2.17,10.79,0.3
23-Oct-2021 - 00:00,55.39,216.36,60.86,68.9,86.26,86.49,7.66,1.56,13.47,0.48
24-Oct-2021 - 00:00,73.32,168.15,15.95,47.86,38.4,70.95,5.03,0.98,39.94,0.72
25-Oct-2021 - 00:00,49.68,194.9,13.49,54.07,39.72,78.51,7.85,1.34,47.77,0.45
26-Oct-2021 - 00:00,76.28,239.32,34.48,53.2,56.32,75.85,8.17,1.39,45.27,0.25
27-Oct-2021 - 00:00,77.07,333.91,28.98,70.17,60.83,83.96,15.63,1.54,53.96,0.34
28-Oct-2021 - 00:00,76.73,322.72,34.21,67.85,63.99,77.74,15.94,1.64,43.27,0.25
29-Oct-2021 - 00:00,87.5,396.46,55.34,68.39,81.31,82.98,16.17,1.96,53.97,0.2
30-Oct-2021 - 00:00,60.5,341.48,25.71,67.22,56.62,81.02,15.83,1.48,35.5,0.3
31-Oct-2021 - 00:00,92,438.29,34.17,68.16,79.71,83.31,16.03,1.88,47.33,0.31
