date,PM2.5,PM10,NO,NO2,NOx,NH3,SO2,CO,Ozone,Wind speed,,,,,,,,
01-Jan-2019 - 00:00,276.16,469.16,58.65,52.35,75.74,62.55,9.89,1.8,23.5,0.52,,,,,,,,
02-Jan-2019 - 00:00,350.55,589.98,82.21,83.39,111.4,72.36,12.06,2.33,15.81,0.74,,,,,,,,
03-Jan-2019 - 00:00,317.19,456.01,23.31,40.67,40.62,72.01,10.16,1.68,13.67,0.77,,,,,,,,
04-Jan-2019 - 00:00,231.07,375.8,39.11,27.59,46.61,59.81,9.44,1.67,8.25,0.73,,,,,,,,
05-Jan-2019 - 00:00,254.68,411.7,38.4,52.47,59.23,61.16,12.99,1.63,9.31,1.29,,,,,,,,
06-Jan-2019 - 00:00,154.81,246.38,7.63,25.58,19.45,59.17,11.45,1.07,17.24,1.14,,,,,,,,
07-Jan-2019 - 00:00,174.96,267.85,25.52,31.02,37.28,55.06,16.37,1.2,9.31,0.93,,,,,,,,
08-Jan-2019 - 00:00,143.48,224.45,13.52,25.68,24.66,50.85,11.94,1.01,11.72,0.97,,,,,,,,
09-Jan-2019 - 00:00,132.83,220.32,12.65,27.4,24.87,46.13,13.02,1.08,16.54,1.18,,,,,,,,
10-Jan-2019 - 00:00,181.23,281.85,51.02,35.99,60.71,45.4,17.27,1.43,17.99,0.75,,,,,,,,
11-Jan-2019 - 00:00,269.27,455.03,168.6,60.56,169.58,51.79,15.45,2.32,14.13,0.53,,,,,,,,
12-Jan-2019 - 00:00,343.49,547.78,121.81,95.29,150.66,61.1,17.92,2.27,9.99,0.61,,,,,,,,
13-Jan-2019 - 00:00,241.9,398.94,25.15,34.54,38.84,61.16,16.38,1.33,14.81,1.07,,,,,,,,
14-Jan-2019 - 00:00,93.25,164.04,8.28,18.53,16.61,41.42,12.59,0.88,15.19,1.41,,,,,,,,
15-Jan-2019 - 00:00,139.31,207.62,21.26,27.33,31.91,41.28,13.97,1.08,12.9,0.94,,,,,,,,
16-Jan-2019 - 00:00,287.1,468.27,153.19,62.58,158.34,50.28,19.51,2.1,14.36,0.68,,,,,,,,
17-Jan-2019 - 00:00,319.67,472.06,76.02,48.89,87.87,56.38,24.73,1.65,16.19,0.76,,,,,,,,
18-Jan-2019 - 00:00,218.17,326.4,21.97,38.35,38.29,49.99,13.03,1.42,11.55,0.74,,,,,,,,
19-Jan-2019 - 00:00,245.58,411.31,92.07,49.94,101.56,47.12,21.36,1.95,16.69,0.52,,,,,,,,
20-Jan-2019 - 00:00,270.35,483.04,141.29,81.4,158.61,52.41,20.03,2.21,17.91,0.54,,,,,,,,
21-Jan-2019 - 00:00,182.92,373,43.66,50.73,62.47,54.09,17,1.27,10.56,2,,,,,,,,
22-Jan-2019 - 00:00,45.85,80.58,17.59,28.02,29.19,39.06,8.68,0.84,11.26,1.43,,,,,,,,
23-Jan-2019 - 00:00,111.39,187.73,40.07,28.1,47.65,38.77,16.46,1.19,8.03,0.68,,,,,,,,
24-Jan-2019 - 00:00,110.51,228.68,10.89,20.44,19.76,47.27,17.81,0.93,14.57,1.26,,,,,,,,
25-Jan-2019 - 00:00,79.92,149.53,6.6,19.8,15.89,47.63,18.4,0.8,12.03,1.29,,,,,,,,
26-Jan-2019 - 00:00,98.22,154.98,4.89,12.29,8.83,43.64,14.46,0.77,11.81,1.18,,,,,,,,
27-Jan-2019 - 00:00,137.32,206.98,7.42,17.38,15.25,45.17,16.82,0.87,8.44,1.31,,,,,,,,
28-Jan-2019 - 00:00,136.29,206.04,11.45,22.76,21.19,45.09,16.38,0.97,8.99,1.3,,,,,,,,
29-Jan-2019 - 00:00,149.46,224.46,15.54,27.12,27.07,47.25,20.79,1.05,7.9,1.14,,,,,,,,
30-Jan-2019 - 00:00,215.62,338.24,51.92,42.79,66.37,52.43,34.12,1.05,9.04,0.79,,,,,,,,
31-Jan-2019 - 00:00,182.06,322.24,45.73,58.61,68.54,63.7,14.91,1.13,10.48,1.83,,,,,,,,
01-Feb-2019 - 00:00,186.4,274.7,19.41,38.05,36.07,58.43,12.31,1.72,48.41,1.18,,,,,,,,
02-Feb-2019 - 00:00,151.6,230.9,4.8,11.96,10.28,42.84,8.65,1.61,57.43,1.15,,,,,,,,
03-Feb-2019 - 00:00,101.72,170.27,6.91,16.6,14.5,37.89,9.34,1.68,53.44,0.83,,,,,,,,
04-Feb-2019 - 00:00,126.43,223.05,35.9,39.98,50.48,32.92,13.37,1.99,35.74,0.64,,,,,,,,
05-Feb-2019 - 00:00,210.56,407.06,123.05,76.31,140.82,44.2,19.84,2.41,60.26,0.84,,,,,,,,
06-Feb-2019 - 00:00,219.26,370.99,75.73,73.48,98.1,61.78,16.07,2.14,39.88,1.33,,,,,,,,
07-Feb-2019 - 00:00,62.27,127.98,19.63,44.72,39.18,41.22,8.33,1.59,30.42,1.92,,,,,,,,
08-Feb-2019 - 00:00,71.04,149.5,13.52,42.59,33.71,34.97,14.61,1.5,31.07,1.1,,,,,,,,
09-Feb-2019 - 00:00,75.93,145.69,4.94,39.65,25.09,31.84,11.47,1.63,37.69,1.24,,,,,,,,
10-Feb-2019 - 00:00,132.22,229.49,13.13,52.67,38.74,37.92,15.71,1.79,34.17,0.76,,,,,,,,
11-Feb-2019 - 00:00,123.04,229.5,24.3,55.82,49.52,39.74,22.02,1.84,40.23,0.71,,,,,,,,
12-Feb-2019 - 00:00,157,284.53,22.43,68.21,54.57,48.52,19.85,1.93,44.42,0.61,,,,,,,,
13-Feb-2019 - 00:00,210.24,403.68,71.9,112.4,118.17,59.68,16.84,2.56,46.83,0.58,,,,,,,,
14-Feb-2019 - 00:00,174.66,275.02,59.71,82.2,92.3,55.37,12.2,1.87,27.19,1.34,,,,,,,,
15-Feb-2019 - 00:00,123.28,187.82,14.83,42,34.38,44.48,13.5,1.66,27.6,1.08,,,,,,,,
16-Feb-2019 - 00:00,96.79,157.66,3.33,29.93,18.64,29.99,5.65,1.59,25.63,1.12,,,,,,,,
17-Feb-2019 - 00:00,85.91,153.09,3.95,39.62,24.3,27.54,7.8,1.71,40.62,1.13,,,,,,,,
18-Feb-2019 - 00:00,96.64,206.2,26.8,72.17,60.26,36.88,13.99,1.72,32.28,1.26,,,,,,,,
19-Feb-2019 - 00:00,152.66,288.35,39.02,71.25,70.19,50.94,13.47,2.62,40.33,0.73,,,,,,,,
20-Feb-2019 - 00:00,98.32,181.28,25.47,53.12,48.95,47.2,12.04,1.68,18.5,1.2,,,,,,,,
21-Feb-2019 - 00:00,74.28,207.46,45.52,62.61,70.39,42.04,15.89,2.04,28.07,1.23,,,,,,,,
22-Feb-2019 - 00:00,64.77,128.73,3.79,28.41,18.2,38.27,7.91,1.22,31.24,1.62,,,,,,,,
23-Feb-2019 - 00:00,54.6,108.97,3.41,34.71,21.62,27.99,10.35,1.33,43.3,1.38,,,,,,,,
24-Feb-2019 - 00:00,94.69,179.67,5.02,43.91,27.45,32.57,14.76,1.59,49.31,0.97,,,,,,,,
25-Feb-2019 - 00:00,82.58,196.52,43.82,59.1,67.2,37.24,10.74,1.46,51.95,0.94,,,,,,,,
26-Feb-2019 - 00:00,60.02,158.98,39.62,62.07,65.3,40.42,15.01,1.35,30.25,1.13,,,,,,,,
27-Feb-2019 - 00:00,55.39,135.55,10.34,43.01,31.34,38.36,13.24,1.49,24.17,1.25,,,,,,,,
28-Feb-2019 - 00:00,80.19,175.98,17.66,47.04,39.42,34.59,11.02,1.52,33.96,1.14,,,,,,,,
01-Mar-2019 - 00:00,72.46,161.16,8.01,47.73,31.9,33.43,11.01,1.62,40.66,1.09,,,,,,,,
02-Mar-2019 - 00:00,109.15,211.09,23.98,70.27,56.94,38.99,16.84,1.9,10.43,0.76,,,,,,,,
03-Mar-2019 - 00:00,59.17,126.21,13,51.13,37.81,34.65,12.57,1.74,35.88,1.05,,,,,,,,
04-Mar-2019 - 00:00,63.69,140.79,15.47,39.5,33.6,36.22,12.42,1.51,13.13,1.07,,,,,,,,
05-Mar-2019 - 00:00,59.29,148.56,6.28,41.07,26.98,30,11.66,1.54,31.97,1.17,,,,,,,,
06-Mar-2019 - 00:00,61.19,151.23,9.99,43.92,31.5,29.93,14.65,1.66,40.32,1.13,,,,,,,,
07-Mar-2019 - 00:00,89.08,216.03,14.91,53.94,40.65,34.54,20.6,1.74,46.25,0.92,,,,,,,,
08-Mar-2019 - 00:00,84.42,229.2,20.79,50.41,43.73,41.63,22.27,1.44,46.68,1.16,,,,,,,,
09-Mar-2019 - 00:00,55.54,149.34,4.76,38.63,24.41,40.16,14.63,1.5,40.9,1.49,,,,,,,,
10-Mar-2019 - 00:00,74.97,188.32,10.07,44.75,32.02,32.62,19.8,1.72,54.94,1.05,,,,,,,,
11-Mar-2019 - 00:00,82.65,231.24,13.24,64.34,45,38.97,18.33,1.55,51.77,1.78,,,,,,,,
12-Mar-2019 - 00:00,58.74,153.44,2.16,38.19,22.08,41.87,14.92,1.46,51.58,1.57,,,,,,,,
13-Mar-2019 - 00:00,82.28,249.92,9.78,59.79,39.8,47.06,28.34,1.86,46.68,1.03,,,,,,,,
14-Mar-2019 - 00:00,100.42,233.68,23.91,52.33,47.37,49.54,17.38,1.71,25.78,1.41,,,,,,,,
15-Mar-2019 - 00:00,63.36,128.67,5.85,34.79,23.29,39.2,16.05,1.18,40.41,1.38,,,,,,,,
16-Mar-2019 - 00:00,70.3,139.89,2.01,36.58,21.1,32.81,15.39,1.13,53.57,1.31,,,,,,,,
17-Mar-2019 - 00:00,88.69,172.51,3.35,42.19,25.17,34.4,21.3,0.96,27.34,1.07,,,,,,,,
18-Mar-2019 - 00:00,100.79,203.03,8.9,46.59,32.04,35.01,23.64,1.18,70.14,0.96,,,,,,,,
19-Mar-2019 - 00:00,91.5,202.4,17.03,50.36,40.63,34.52,20.42,1.58,49.19,0.97,,,,,,,,
20-Mar-2019 - 00:00,101.51,272.02,34.5,62.57,61.42,40.76,21.2,2.33,52.84,1.23,,,,,,,,
21-Mar-2019 - 00:00,90.45,178.36,1.09,29.19,16.27,45.99,20.14,1.95,55.08,1.32,,,,,,,,
22-Mar-2019 - 00:00,36.42,109.96,1.19,27.77,16.1,33.22,14.37,0.74,62.54,1.86,,,,,,,,
23-Mar-2019 - 00:00,52.52,125.62,1.17,26.55,15.06,30.46,15.66,1,68.61,1.94,,,,,,,,
24-Mar-2019 - 00:00,43.75,124.4,2.09,28.19,16.7,30.29,16.79,1.16,48.28,1.69,,,,,,,,
25-Mar-2019 - 00:00,71.19,160.21,2.17,31.89,18.73,33.49,19.46,1.03,37.05,1.63,,,,,,,,
26-Mar-2019 - 00:00,81.72,167.7,4.59,44.09,27.19,34,25.16,2.17,47.29,1.62,,,,,,,,
27-Mar-2019 - 00:00,92.54,190.68,10.08,48.77,34.14,31,30.74,1.02,52.5,1.19,,,,,,,,
28-Mar-2019 - 00:00,125.08,275.22,23.59,57.33,49.69,34.03,37.42,1.46,51.46,0.79,,,,,,,,
29-Mar-2019 - 00:00,88.93,223.41,16.62,50.39,40.34,38.36,20.89,1.46,44.38,0.91,,,,,,,,
30-Mar-2019 - 00:00,98.93,259.68,17.57,48.48,40.09,48.32,23.58,1.37,60.05,1.07,,,,,,,,
31-Mar-2019 - 00:00,54.33,171.56,1.34,28.98,16.48,38.83,21.69,1.21,60.04,1.91,,,,,,,,
01-Apr-2019 - 00:00,71.62,197.07,2.06,28.21,16.37,31.32,9.7,1.24,21.11,9.61,,,,,,,,
02-Apr-2019 - 00:00,110.96,255.98,14.52,32.42,29.08,44.56,15.68,1.34,57.46,7.18,,,,,,,,
03-Apr-2019 - 00:00,110.85,309.29,22.86,50.77,45.65,41.27,35.4,1.43,65.14,1.13,,,,,,,,
04-Apr-2019 - 00:00,126.77,351.81,58.32,67.03,83.21,42.87,32.84,1.43,58.3,0.79,,,,,,,,
05-Apr-2019 - 00:00,138.7,364.39,53.51,75.84,83.88,47.38,33.46,1.52,30.24,0.68,,,,,,,,
06-Apr-2019 - 00:00,105.85,368.19,16.61,50.67,40.46,43.91,30.63,1.57,52.46,1.08,,,,,,,,
07-Apr-2019 - 00:00,193.42,425.75,14.27,52.4,39.49,62.27,30.11,1.3,41.41,1.7,,,,,,,,
08-Apr-2019 - 00:00,111.9,370.31,17.93,52.27,42.51,50.16,20.09,1.43,53.39,1.1,,,,,,,,
09-Apr-2019 - 00:00,125.96,287.46,23.99,48.32,45.28,50.31,34.21,1.28,77.12,1.02,,,,,,,,
10-Apr-2019 - 00:00,58.83,209.05,4.13,49.38,29.46,44.12,18.15,1.75,57.81,4.78,,,,,,,,
11-Apr-2019 - 00:00,80.6,265.06,19.23,49.83,42.16,49.22,26.34,1.77,55.13,1.15,,,,,,,,
12-Apr-2019 - 00:00,55.42,233.19,2.6,35.57,21.03,46.69,20.37,1.65,67.18,1.53,,,,,,,,
13-Apr-2019 - 00:00,60.25,231.06,5.23,40,25.54,46.05,23.55,1.37,55.54,1.89,,,,,,,,
14-Apr-2019 - 00:00,53.04,201.67,2.97,27.64,17.13,36.75,23.79,1.44,55.99,1.87,,,,,,,,
15-Apr-2019 - 00:00,63.21,215.62,7.74,42.96,67.9,40.91,39.04,1.76,49.87,1.56,,,,,,,,
16-Apr-2019 - 00:00,56.17,159.43,20.99,166.75,123.06,34.5,8.09,1.51,56.72,2.39,,,,,,,,
17-Apr-2019 - 00:00,29.75,82.69,8.18,36.94,26.31,31.45,9.69,1.52,53.62,1.63,,,,,,,,
18-Apr-2019 - 00:00,39.83,103.89,4.48,36.37,23,31.83,12.18,1.66,67.93,0.97,,,,,,,,
19-Apr-2019 - 00:00,58.88,139.06,4.04,40.13,24.39,33.39,25.01,1.65,66.47,0.87,,,,,,,,
20-Apr-2019 - 00:00,94.65,192.22,5.36,48.32,30.07,32.32,32.42,1.62,79.18,0.53,,,,,,,,
21-Apr-2019 - 00:00,111.3,256.45,17.26,54.51,43.06,31.11,33.57,1.61,74.61,0.84,,,,,,,,
22-Apr-2019 - 00:00,107.19,289.2,25.28,59.71,52.29,35.53,34.53,1.68,71.25,0.92,,,,,,,,
23-Apr-2019 - 00:00,110.77,328.77,35.97,58.76,60.62,36.18,32.1,1.8,73.63,1,,,,,,,,
24-Apr-2019 - 00:00,111.7,369.05,8.11,55.8,36.3,36.09,28.09,2,74.22,1.28,,,,,,,,
25-Apr-2019 - 00:00,85.29,309.54,12.09,51.53,37.23,36.49,20.99,1.79,73.12,1.36,,,,,,,,
26-Apr-2019 - 00:00,85.27,307.33,8.89,51.42,34.61,26.45,29.29,1.68,60.16,1.24,,,,,,,,
27-Apr-2019 - 00:00,65,359.84,3.09,34.7,20.97,19.89,23.13,1.4,69.9,2.16,,,,,,,,
28-Apr-2019 - 00:00,69.2,346.17,3.1,34.92,21.1,15.8,19.49,1.47,71.05,2.05,,,,,,,,
29-Apr-2019 - 00:00,92.78,360.96,17.8,52.71,42.54,16.09,28.06,1.57,67.37,1.3,,,,,,,,
30-Apr-2019 - 00:00,105.24,363.14,27.69,77.71,63.83,16.09,29.18,1.81,75.15,1.26,,,,,,,,
01-May-2019 - 00:00,100.59,367.95,28.29,64.19,57.19,16.23,22.82,1.96,80.41,1.08,,,,,,,,
02-May-2019 - 00:00,66.54,303.81,4.42,36.31,22.91,15.31,15.16,1.51,90.97,2.04,,,,,,,,
03-May-2019 - 00:00,50.55,155.73,3.5,37.2,22.62,14.06,15.7,1.45,89.37,1.33,,,,,,,,
04-May-2019 - 00:00,83.31,244.43,3.73,36.1,22.27,13.91,30.22,1.47,91.73,1.47,,,,,,,,
05-May-2019 - 00:00,78.56,265.26,17.89,49.73,40.95,8.86,16.93,1.79,96.57,1.63,,,,,,,,
06-May-2019 - 00:00,172.06,409.91,17.86,64.68,48.92,12.48,39.7,1.93,76.89,1.27,,,,,,,,
07-May-2019 - 00:00,184.96,467.67,32.64,66.42,61.92,11.22,41.01,1.86,50.26,0.98,,,,,,,,
08-May-2019 - 00:00,210.95,536.85,27.74,61.69,55.45,12.2,41.62,2,62.03,1.27,,,,,,,,
09-May-2019 - 00:00,163.89,446.28,5.09,54.13,32.94,9.78,28.7,1.88,70.28,1.22,,,,,,,,
10-May-2019 - 00:00,113.32,355.26,2.77,27.24,16.76,7.44,14.51,1.52,81.79,1.52,,,,,,,,
11-May-2019 - 00:00,116.08,310.65,7.72,39.02,27.06,10.76,25.59,1.73,88.67,1.37,,,,,,,,
12-May-2019 - 00:00,250.31,419.77,2.05,29.93,17.57,11.05,27.46,1.84,94.61,1.5,,,,,,,,
13-May-2019 - 00:00,137.47,358.78,7.7,43.53,29.46,12.36,38.6,1.77,78.95,1.36,,,,,,,,
14-May-2019 - 00:00,65.66,163.75,10.97,44.54,32.65,14.65,13.54,1.73,81.1,0.97,,,,,,,,
15-May-2019 - 00:00,90.6,212.21,22.98,71.02,56.45,18.71,23.57,1.69,43.18,1.33,,,,,,,,
16-May-2019 - 00:00,94.81,213.51,19.86,50.8,43.23,19.67,14.79,1.8,62.36,1.16,,,,,,,,
17-May-2019 - 00:00,163.93,348.56,20.95,44.58,40.72,26.16,13.7,1.31,56.36,1.18,,,,,,,,
18-May-2019 - 00:00,49.15,107.01,1.42,21.15,12.35,38.81,9.97,0.36,82.99,1.07,,,,,,,,
19-May-2019 - 00:00,86.17,166.17,1.41,33.41,18.85,33.7,20.68,0.55,89.1,1.17,,,,,,,,
20-May-2019 - 00:00,93.06,217.84,3.89,42.31,25.7,29.49,24.06,0.49,85.1,1.12,,,,,,,,
21-May-2019 - 00:00,88.52,213.98,1.79,34.68,19.91,28.75,25.04,0.45,94.58,1,,,,,,,,
22-May-2019 - 00:00,75.62,217.77,13.02,42.39,33.14,26.21,26.07,0.57,53.56,0.8,,,,,,,,
23-May-2019 - 00:00,124.75,291.5,8.49,44.67,30.56,29.45,31.93,0.36,78.05,0.91,,,,,,,,
24-May-2019 - 00:00,57.39,154.93,7.48,37.58,26.11,39.73,12.34,0.45,36.91,1.5,,,,,,,,
25-May-2019 - 00:00,46.79,132.47,0.87,22.05,12.37,35.78,14.52,0.38,74.87,1.71,,,,,,,,
26-May-2019 - 00:00,62.12,170.7,1.04,27.92,15.62,29.88,21.37,0.38,93.01,1.56,,,,,,,,
27-May-2019 - 00:00,69.69,200.89,4.5,39.34,24.25,29.45,22.66,1.13,83.36,1.32,,,,,,,,
28-May-2019 - 00:00,61.34,173.24,2.9,40.09,23.64,25.34,22.17,1.58,86.82,1.27,,,,,,,,
29-May-2019 - 00:00,87.56,241,4.84,45.28,28.01,26.75,29.52,1.65,86.68,1.01,,,,,,,,
30-May-2019 - 00:00,103.04,266.6,4.97,38.52,24.41,29.29,41.64,1.72,76.28,1.24,,,,,,,,
31-May-2019 - 00:00,80.36,310.91,26.92,66.92,53.63,28.94,20.91,2.19,96.67,0.83,,,,,,,,
01-Jun-2019 - 00:00,114.62,345.65,17.94,45.52,38.43,39.56,31.83,2.05,76.98,1.29,,,,,,,,
02-Jun-2019 - 00:00,78.15,240.62,6.99,33.58,23.56,51.99,16.75,1.79,57.76,1.7,,,,,,,,
03-Jun-2019 - 00:00,88.75,347.4,9.02,46.66,32.16,47.89,16.8,1.84,57.28,2.04,,,,,,,,
04-Jun-2019 - 00:00,65.35,207.02,10.76,44.19,32.29,37.17,18.36,1.77,80,1.78,,,,,,,,
05-Jun-2019 - 00:00,87.21,266.52,7.16,43.19,28.84,46.72,22.14,1.7,57.77,1.25,,,,,,,,
06-Jun-2019 - 00:00,72.42,274.6,10.54,37.01,28.31,36.17,14.85,1.71,75.22,1.35,,,,,,,,
07-Jun-2019 - 00:00,66.44,181.36,16.33,43.52,34.49,38.06,15.96,1.59,50.17,1.23,,,,,,,,
08-Jun-2019 - 00:00,80.17,235.1,31.15,58.55,45.95,40.39,12.99,1,73.87,0.86,,,,,,,,
09-Jun-2019 - 00:00,111.69,301.81,32.55,61.48,49.84,40.09,33.42,0.9,78.59,0.78,,,,,,,,
10-Jun-2019 - 00:00,83.51,300.52,15.95,58.63,43.23,35.42,18.48,1.13,64.08,1.05,,,,,,,,
11-Jun-2019 - 00:00,109.84,425.23,23.96,36.56,39,27.25,18.18,1.24,48.03,1.05,,,,,,,,
12-Jun-2019 - 00:00,72.3,277.77,5.28,30.22,20.34,29.96,8.64,1.02,73.67,2.26,,,,,,,,
13-Jun-2019 - 00:00,61.76,198.03,5.32,32.2,21.46,34.96,12.86,0.8,72.41,0.95,,,,,,,,
14-Jun-2019 - 00:00,69.1,222.81,3.06,33.57,20.28,35.04,19.85,0.98,83.27,1.48,,,,,,,,
15-Jun-2019 - 00:00,96.42,294.12,1.42,27.81,15.92,1.22,26.12,0.91,88.45,1.62,,,,,,,,
16-Jun-2019 - 00:00,56.7,171.31,0.89,8.08,5.02,2.24,7.41,1.14,65.33,1.95,,,,,,,,
17-Jun-2019 - 00:00,52.11,158.05,1.58,13.93,8.68,27.69,12.65,0.84,60.61,1.92,,,,,,,,
18-Jun-2019 - 00:00,37.22,90.15,1.61,25.06,14.61,30.45,10.9,1.03,67.41,1.6,,,,,,,,
19-Jun-2019 - 00:00,91.11,253.82,8.53,35.5,25.93,43.19,19.6,1.03,81.85,0.95,,,,,,,,
20-Jun-2019 - 00:00,44.96,158.74,11.29,35.86,28.22,35.23,12.7,0.64,84.72,1.01,,,,,,,,
21-Jun-2019 - 00:00,97.54,255.59,4.56,46.11,28.24,43.61,20.66,1.22,90.67,0.85,,,,,,,,
22-Jun-2019 - 00:00,76.1,187.67,1.79,26.26,15.37,41.51,27.11,1.11,99.87,1.22,,,,,,,,
23-Jun-2019 - 00:00,51.76,155.65,5.4,27.59,19.11,37.31,15.52,0.75,66.65,1.71,,,,,,,,
24-Jun-2019 - 00:00,26.69,84.84,5.88,22.51,16.76,32.64,14.58,0.86,38.54,1.91,,,,,,,,
25-Jun-2019 - 00:00,53.29,129.85,3.91,25.45,16.71,33.75,19.85,0.74,53.08,1.09,,,,,,,,
26-Jun-2019 - 00:00,69.8,182.18,2.77,26.79,16.52,38.54,22.15,1.15,63.31,1.26,,,,,,,,
27-Jun-2019 - 00:00,86.19,271.64,1.79,28.14,16.42,35.83,26.94,1.19,58.77,1.38,,,,,,,,
28-Jun-2019 - 00:00,66.27,237.94,3.33,23.58,15.23,31.87,25.31,0.82,44.79,1.49,,,,,,,,
29-Jun-2019 - 00:00,56.58,301.52,8.29,25.43,20.31,24.59,21.3,0.92,43.81,1.16,,,,,,,,
30-Jun-2019 - 00:00,72.34,272.54,15.41,27.22,27.07,26.57,16.64,0.98,42.41,1.37,,,,,,,,
01-Jul-2019 - 00:00,67.9,203.61,11.89,24.58,22.77,31.69,15.35,0.8,65.46,0.86,,,,,,,,
02-Jul-2019 - 00:00,78.14,249.83,1.97,17.47,10.9,31.6,13.5,1.14,60.4,1.45,,,,,,,,
03-Jul-2019 - 00:00,48.47,149.71,9.11,33.83,25.46,44.8,14.49,1.68,41.54,1.38,,,,,,,,
04-Jul-2019 - 00:00,39.99,103.9,10.45,33.51,26.4,33.87,10.2,1.46,15.05,1.24,,,,,,,,
05-Jul-2019 - 00:00,47.11,117.04,9.91,37.2,27.88,41.75,14.47,0.76,16.56,1.09,,,,,,,,
06-Jul-2019 - 00:00,39.02,104.72,13.31,33.56,28.71,44.46,14.24,1.13,35.21,1.25,,,,,,,,
07-Jul-2019 - 00:00,40.42,100.74,4.24,25.41,16.99,36.23,13.86,0.83,40.39,0.82,,,,,,,,
08-Jul-2019 - 00:00,54.14,163.58,4.97,32.14,21.28,34.53,13.25,1.21,33.38,0.94,,,,,,,,
09-Jul-2019 - 00:00,50.73,135.25,10.61,25.52,22.23,33.97,10.21,0.85,22.45,1.13,,,,,,,,
10-Jul-2019 - 00:00,104.17,352.11,11.17,27.68,23.86,32.88,12.93,0.9,22.62,1.25,,,,,,,,
11-Jul-2019 - 00:00,123.9,424.7,4.24,14.53,11.16,35.08,12.95,0.84,22.42,1.51,,,,,,,,
12-Jul-2019 - 00:00,114.24,428.29,6.9,15.04,13.61,35.38,6.88,0.91,13.64,1.4,,,,,,,,
13-Jul-2019 - 00:00,74.96,350.33,4.75,11.91,10.22,36.93,7.86,0.9,25.03,1.68,,,,,,,,
14-Jul-2019 - 00:00,82.08,288,5.09,16.46,12.95,32.91,7.91,0.65,37.89,1.52,,,,,,,,
15-Jul-2019 - 00:00,48.71,138.04,11.15,28.77,24.44,30.06,8.78,1.26,30.26,1.53,,,,,,,,
16-Jul-2019 - 00:00,39.54,89.23,8.17,20.08,17.35,31.13,8.23,0.92,37.26,1.5,,,,,,,,
17-Jul-2019 - 00:00,31.02,64.38,5.74,22.91,16.86,28.43,4.17,1.57,38.47,0.85,,,,,,,,
18-Jul-2019 - 00:00,27.69,70.31,6.38,30.93,21.63,25.7,6.85,1.39,48.91,0.75,,,,,,,,
19-Jul-2019 - 00:00,88.48,224.48,20.07,48.65,42.24,31.27,13.24,0.99,80.01,0.86,,,,,,,,
20-Jul-2019 - 00:00,56.5,141.58,9.67,37.24,27.71,36.48,6.56,1.14,21.11,0.9,,,,,,,,
21-Jul-2019 - 00:00,56,129.21,17.06,39.6,34.97,42.82,7.22,1.41,24.67,0.91,,,,,,,,
22-Jul-2019 - 00:00,58.58,139.02,12.79,27.61,25.1,44.19,7.01,1.12,21.73,1.05,,,,,,,,
23-Jul-2019 - 00:00,43.84,129.42,6.59,21.04,16.52,47.24,5.6,1.77,19.43,0.91,,,,,,,,
24-Jul-2019 - 00:00,54.26,161.61,7.48,33.88,24.11,49.47,4.31,1.77,33.58,0.92,,,,,,,,
25-Jul-2019 - 00:00,14.16,53.04,7.78,26.76,20.57,53.06,4.88,1.63,16.29,0.98,,,,,,,,
26-Jul-2019 - 00:00,32.35,77.26,8.02,21.85,18.15,39.24,6.64,1.9,18.36,1.31,,,,,,,,
27-Jul-2019 - 00:00,20.08,52.34,8.63,16.95,16.05,32.56,5.47,2.2,14.4,1.53,,,,,,,,
28-Jul-2019 - 00:00,16.41,47.88,13.33,19.19,21.09,30.46,7.54,1.69,9.64,1.6,,,,,,,,
29-Jul-2019 - 00:00,21.45,63.36,10.6,19.92,19.22,35.14,7.06,1.7,13.15,1.63,,,,,,,,
30-Jul-2019 - 00:00,30.85,86.29,9.98,18.65,18.04,41.13,7.24,1.62,12.64,1.51,,,,,,,,
31-Jul-2019 - 00:00,33.46,92.45,5.54,15.44,12.74,39.93,5.16,1.53,15.92,1.38,,,,,,,,
01-Aug-2019 - 00:00,37.11,104.46,8.67,28.33,22.11,46.57,4.64,1.63,20.21,1.39,,,,,,,,
02-Aug-2019 - 00:00,35.68,105.01,8.86,31.24,23.81,48.38,6.84,1.3,19.63,1.19,,,,,,,,
03-Aug-2019 - 00:00,28.76,74.31,9.94,25.51,21.71,39.7,5.15,1.71,12.88,1.22,,,,,,,,
04-Aug-2019 - 00:00,36.27,85.88,8.53,30.46,23.23,37.83,5.61,1.35,15.7,1.07,,,,,,,,
05-Aug-2019 - 00:00,60.7,141.18,22.2,47.74,43.45,40.83,7.55,1.94,33.19,0.92,,,,,,,,
06-Aug-2019 - 00:00,26.35,66.61,12.8,36.37,29.75,46.57,4,1.6,15.94,0.98,,,,,,,,
07-Aug-2019 - 00:00,23.76,66.28,9.3,26.34,21.6,38.88,6.01,1.25,14.05,1.09,,,,,,,,
08-Aug-2019 - 00:00,24.7,73.1,8.14,23.86,19.34,30.13,7.21,1.48,26.77,1.24,,,,,,,,
09-Aug-2019 - 00:00,9.67,55.73,6.86,18.18,15.24,27.1,6.41,1.85,17.39,2.37,,,,,,,,
10-Aug-2019 - 00:00,15.88,51.45,7.95,25.93,20.33,25.65,4.86,1.33,23.37,1.85,,,,,,,,
11-Aug-2019 - 00:00,25.73,71.99,5.44,24.61,17.52,31.25,5.53,1.61,25.2,0.94,,,,,,,,
12-Aug-2019 - 00:00,18.86,55.54,3.28,19.7,13.16,29.96,4.75,1.66,14.89,0.65,,,,,,,,
13-Aug-2019 - 00:00,23.08,63.09,6.37,22.85,17.32,26.69,6.19,1.87,11.45,1.14,,,,,,,,
14-Aug-2019 - 00:00,21.61,57.51,4.64,22.22,15.58,28.72,4.88,1.48,19.73,0.79,,,,,,,,
15-Aug-2019 - 00:00,19.77,51.92,3.1,15.21,10.62,32.44,4.44,1.73,8.17,1.4,,,,,,,,
16-Aug-2019 - 00:00,13.97,37.23,3.77,15.68,11.41,35.96,5.38,1.64,10.86,2.04,,,,,,,,
17-Aug-2019 - 00:00,6.62,20.48,8.41,19.01,16.99,33.84,5.04,1.63,5.4,2,,,,,,,,
18-Aug-2019 - 00:00,8.3,25.62,7.03,20.4,16.58,29.79,5.2,1.58,8.96,0.82,,,,,,,,
19-Aug-2019 - 00:00,38,97.62,18.16,28.11,29.74,28.52,6.74,1.69,16.35,0.76,,,,,,,,
20-Aug-2019 - 00:00,32.52,85,5.52,22.52,16.49,41.84,7.34,1.43,18.67,1.09,,,,,,,,
21-Aug-2019 - 00:00,52.6,149.94,5.55,24.61,17.62,42.61,8.72,1.43,25.31,1.11,,,,,,,,
22-Aug-2019 - 00:00,46.65,135.77,10.9,36.2,28.14,42.87,10.11,1.94,14.97,0.73,,,,,,,,
23-Aug-2019 - 00:00,50.1,162.38,16.84,35.36,32.56,44.68,7.9,1.49,20.89,0.76,,,,,,,,
24-Aug-2019 - 00:00,51.25,146.17,13.95,31.06,27.92,41.81,9.83,1.24,20.87,0.83,,,,,,,,
25-Aug-2019 - 00:00,36.67,91.31,6.32,28.71,20.4,38.71,6.87,1.15,20.13,1.07,,,,,,,,
26-Aug-2019 - 00:00,20.58,65.9,5.54,24.99,17.85,31.45,7.79,1.52,26.25,1.28,,,,,,,,
27-Aug-2019 - 00:00,40.38,111.77,12.83,28.37,25.54,32.69,11.3,1.35,30.02,0.9,,,,,,,,
28-Aug-2019 - 00:00,44.94,124.65,6.34,30.34,21.34,36.29,12.48,1.12,36.59,1.09,,,,,,,,
29-Aug-2019 - 00:00,39.2,120.76,8.31,32.16,23.93,30.82,9.74,1.64,32.35,1.18,,,,,,,,
30-Aug-2019 - 00:00,47.81,123.56,5.06,30.63,20.43,27.25,7.24,2.15,32.87,0.85,,,,,,,,
31-Aug-2019 - 00:00,59.12,148.69,5.35,38.64,24.93,28.61,6.62,2.03,24.58,0.69,,,,,,,,
01-Sep-2019 - 00:00,33.67,92.15,7.36,33.86,24.03,32.01,4.87,1.62,35.78,1.27,,,,,,,,
02-Sep-2019 - 00:00,47.71,127.06,7.58,24.89,19.39,32.03,8.57,1.87,35.24,0.93,,,,,,,,
03-Sep-2019 - 00:00,67.88,157.4,10.89,34.56,27.26,27.91,6.91,1.91,23.06,0.59,,,,,,,,
04-Sep-2019 - 00:00,58.19,125.48,6.33,26.78,19.42,29.14,4.46,1.91,17.77,1.16,,,,,,,,
05-Sep-2019 - 00:00,37.58,104.54,5.34,24.54,17.41,25.45,4.25,1.67,13.33,1.33,,,,,,,,
06-Sep-2019 - 00:00,34.99,100.3,7.29,33.55,23.8,27.43,5.67,1.63,18.14,1.15,,,,,,,,
07-Sep-2019 - 00:00,38.53,114.49,8.9,37.44,27.14,31.31,6.51,1.97,27.9,1.16,,,,,,,,
08-Sep-2019 - 00:00,38.54,117.3,3,21.86,14.08,30.94,5.66,1.56,21.03,1.03,,,,,,,,
09-Sep-2019 - 00:00,50.83,162.78,11.17,28.33,24.17,36.52,6.04,1.56,22.09,0.86,,,,,,,,
10-Sep-2019 - 00:00,66.8,186.89,16.94,34.21,32.01,43.08,7.84,1.4,34.94,0.82,,,,,,,,
11-Sep-2019 - 00:00,92.51,249.22,10.64,38.93,29.39,41.96,9.45,1.79,67.08,0.85,,,,,,,,
12-Sep-2019 - 00:00,57.83,155.88,9.94,34.47,26.44,36.11,7.06,1.88,34.46,1.35,,,,,,,,
13-Sep-2019 - 00:00,35.26,100.67,6.31,27.27,19.63,35.65,9.11,2.14,34.71,1.27,,,,,,,,
14-Sep-2019 - 00:00,25.39,77,4.68,20.33,14.64,28.29,8.95,1.52,25.33,1.48,,,,,,,,
15-Sep-2019 - 00:00,24.25,67.99,3.63,20.77,14,25.63,5.73,1.84,23.25,1.19,,,,,,,,
16-Sep-2019 - 00:00,54.71,159.1,9.69,30.01,23.79,28.08,8.11,2.14,39.23,0.85,,,,,,,,
17-Sep-2019 - 00:00,53.94,164.45,5.06,36.55,23.56,34.12,8.76,1.66,51.09,0.79,,,,,,,,
18-Sep-2019 - 00:00,32.95,105.52,5.23,28.69,19.53,26.56,14.3,0.77,44.05,1.51,,,,,,,,
19-Sep-2019 - 00:00,21.81,72.3,4.37,23.31,15.97,25.28,30.95,0.94,27.64,1.66,,,,,,,,
20-Sep-2019 - 00:00,48.83,141.52,13.07,33.65,28.58,26.37,34.61,1.14,43.56,1.11,,,,,,,,
21-Sep-2019 - 00:00,47.8,123.23,16.84,35.31,32.51,25.82,31.09,0.77,43.95,0.75,,,,,,,,
22-Sep-2019 - 00:00,25,73.6,16.76,28.79,28.96,,30.27,0.77,22.23,1.36,,,,,,,,
23-Sep-2019 - 00:00,34.36,82.65,9.61,29.39,23.47,,26.54,1.23,8.85,1.08,,,,,,,,
24-Sep-2019 - 00:00,35.79,108.61,21.53,43.58,40.69,12.05,2.87,1.45,6.42,0.82,,,,,,,,
25-Sep-2019 - 00:00,33.27,105.43,9.13,33.96,25.57,10.08,5.03,1.08,5.92,1.27,,,,,,,,
26-Sep-2019 - 00:00,26.48,87.02,5.78,25.71,18.39,10.58,5.28,0.78,4.71,1.5,,,,,,,,
27-Sep-2019 - 00:00,15.94,69.74,4.64,20.96,14.92,9.75,4.48,0.64,4.57,1.49,,,,,,,,
28-Sep-2019 - 00:00,23.17,81.92,5.44,21.36,15.8,9.92,6.35,0.59,3.76,1.46,,,,,,,,
29-Sep-2019 - 00:00,19.48,57.8,4.13,19.88,13.94,10,5.59,0.6,4.13,1.41,,,,,,,,
30-Sep-2019 - 00:00,34.33,93.02,9.38,32.08,24.69,9.86,5.7,0.86,5.37,1.09,,,,,,,,
01-Oct-2019 - 00:00,46.79,131.29,14.95,34.99,30.72,9.58,8.02,0.91,6.49,1.1,,,,,,,,
02-Oct-2019 - 00:00,45.83,131.02,30.45,34.04,43.7,11.28,9.18,0.93,7.46,0.73,,,,,,,,
03-Oct-2019 - 00:00,55.44,154.08,14.06,32.85,28.94,15.72,11.75,0.8,8.4,0.86,,,,,,,,
04-Oct-2019 - 00:00,43.46,112.67,3.44,28,17.69,16.14,7.99,0.6,5.74,1.2,,,,,,,,
05-Oct-2019 - 00:00,36.33,104,3.44,28.2,17.83,14.87,6.01,0.59,5.57,1.13,,,,,,,,
06-Oct-2019 - 00:00,54.58,144.46,1.35,24.6,14.19,16.31,6.98,0.67,5.74,1.12,,,,,,,,
07-Oct-2019 - 00:00,50.52,138.15,1.84,22.78,13.61,16.75,6.62,0.66,5.38,1.28,,,,,,,,
08-Oct-2019 - 00:00,44.21,120.35,7.58,23.86,18.83,16.34,7.86,0.72,5.54,0.96,,,,,,,,
09-Oct-2019 - 00:00,91.27,251.31,38.43,44.67,55.12,18.09,16.29,1.06,7.16,0.78,,,,,,,,
10-Oct-2019 - 00:00,122.44,310.46,17.17,45.84,38.36,25.9,16,1.06,6.55,0.8,,,,,,,,
11-Oct-2019 - 00:00,88,207.33,3.67,34.92,21.56,28.86,10.34,0.85,5.28,0.62,,,,,,,,
12-Oct-2019 - 00:00,95.19,234.46,9.59,42.02,30.18,24.95,9.38,0.98,5.46,0.72,,,,,,,,
13-Oct-2019 - 00:00,152.94,332.17,7.6,46.2,30.8,27.74,11.98,1.18,4.64,0.8,,,,,,,,
14-Oct-2019 - 00:00,127.46,281.54,49.21,49.78,66.56,26.14,9.13,1.38,12.34,0.61,,,,,,,,
15-Oct-2019 - 00:00,152.94,348.27,38.22,60.89,63.53,28.96,12.92,1.43,60.4,0.67,,,,,,,,
16-Oct-2019 - 00:00,169.1,338.29,36.86,50.53,56.96,35.4,10.1,1.53,72.93,0.84,,,,,,,,
17-Oct-2019 - 00:00,146.29,303.79,3.56,36.13,22.12,33.69,12.56,1.13,55.45,1.22,,,,,,,,
18-Oct-2019 - 00:00,105.9,247.35,6.59,37.68,25.45,30.26,9.87,0.98,60.8,1.41,,,,,,,,
19-Oct-2019 - 00:00,83.73,181.75,10.38,38.69,28.99,29.89,8.51,0.91,54.54,0.67,,,,,,,,
20-Oct-2019 - 00:00,95.15,188.12,2.8,29.38,17.93,28.61,6.79,0.81,50.04,0.97,,,,,,,,
21-Oct-2019 - 00:00,110.38,213.51,11.39,42.49,31.81,18.58,7.36,1.33,32.92,0.84,,,,,,,,
22-Oct-2019 - 00:00,95.44,193.64,6.23,45.07,29.05,13.37,10.81,1.42,49.87,0.88,,,,,,,,
23-Oct-2019 - 00:00,126.82,278.91,47.17,55.73,68.1,15.19,11.03,1.62,53.43,0.76,,,,,,,,
24-Oct-2019 - 00:00,173.83,343.62,40.91,64.4,67.58,23.72,16.49,1.7,60.55,0.75,,,,,,,,
25-Oct-2019 - 00:00,157.8,309.91,23.04,62.18,51.82,26.54,12.99,1.38,59,1.06,,,,,,,,
26-Oct-2019 - 00:00,170.09,339.04,53.41,68,79.78,30.65,11.74,1.64,54.11,0.62,,,,,,,,
27-Oct-2019 - 00:00,180.71,304.18,4.03,32.91,20.81,31.26,11.58,1.31,64.14,0.84,,,,,,,,
28-Oct-2019 - 00:00,223.11,324.56,9.72,33.71,25.86,24.68,11.3,2.19,61,0.46,,,,,,,,
29-Oct-2019 - 00:00,313.42,467.95,34.76,49.6,54.72,32.47,11.24,2.61,32.82,0.44,,,,,,,,
30-Oct-2019 - 00:00,308.71,484.9,24.42,57.81,50.67,41.53,12.66,2.18,27.96,0.49,,,,,,,,
31-Oct-2019 - 00:00,362.72,585.67,24.07,63.03,53.68,50.38,16.3,2.38,35.91,0.49,,,,,,,,
01-Nov-2019 - 00:00,370.48,636.72,37.2,61.79,63.14,52.25,15.44,2.28,51.92,0.59,,,,,,,,
02-Nov-2019 - 00:00,326.96,555.44,10.01,40.06,29.48,54.68,12.65,2.05,31.84,0.71,,,,,,,,
03-Nov-2019 - 00:00,689.1,649.05,10.05,49.43,34.47,74.27,5.67,3.3,9.82,0.57,,,,,,,,
04-Nov-2019 - 00:00,305.69,455.39,9.41,39.05,28.41,45.79,10.13,1.51,35.5,1.02,,,,,,,,
05-Nov-2019 - 00:00,191.56,430.66,9.73,42.02,30.3,30.02,10.6,1.52,44.94,0.93,,,,,,,,
06-Nov-2019 - 00:00,99.36,237.41,37.09,75.56,70.39,20.02,8.82,1.55,43.06,0.59,,,,,,,,
07-Nov-2019 - 00:00,155.51,335,16.15,56.72,43.39,31.6,10.11,1.73,20.37,1.11,,,,,,,,
08-Nov-2019 - 00:00,128.77,308.77,29.67,56.69,54.33,34.07,12.83,1.42,37.19,0.75,,,,,,,,
09-Nov-2019 - 00:00,131.49,260.27,6.81,37.75,25.67,34.6,11.74,1.19,39.11,1.22,,,,,,,,
10-Nov-2019 - 00:00,175,329.52,7.04,43.9,29.1,31.67,15.73,1.38,54.94,0.83,,,,,,,,
11-Nov-2019 - 00:00,230.1,437.48,10.04,53.86,36.85,35.87,17.43,1.72,56.76,0.89,,,,,,,,
12-Nov-2019 - 00:00,341.26,555.34,10.87,55.38,38.31,20.65,16.01,1.97,57.89,0.73,,,,,,,,
13-Nov-2019 - 00:00,333.68,537.67,13.03,58.16,41.53,28.7,18.82,1.98,52.83,0.66,,,,,,,,
14-Nov-2019 - 00:00,281.8,484.77,28.34,55.23,52.5,35.65,14.97,1.85,,0.58,,,,,,,,
15-Nov-2019 - 00:00,402.3,561.9,14.71,54.23,40.83,38.04,15.1,2.25,20.16,0.78,,,,,,,,
16-Nov-2019 - 00:00,164.67,330.04,6.01,40.3,26.34,22.69,15.71,1.2,50.9,1.5,,,,,,,,
17-Nov-2019 - 00:00,99.12,177.01,4.06,22.06,15.04,21.42,9.23,0.94,48.55,1.93,,,,,,,,
18-Nov-2019 - 00:00,140.93,206.75,19.22,62.28,48.81,,12.59,1.28,43.5,0.73,,,,,,,,
19-Nov-2019 - 00:00,154.96,234.78,17.83,54.31,43.39,26.21,14.43,1.44,48.56,0.62,,,,,,,,
20-Nov-2019 - 00:00,216.14,380.28,128.07,99.83,157.48,24.56,19.9,2.18,55.61,0.37,,,,,,,,
21-Nov-2019 - 00:00,237.83,450.58,110.33,79.77,132.39,21.82,30.76,1.92,61.94,0.61,,,,,,,,
22-Nov-2019 - 00:00,235.55,431.06,88.5,86.81,118.4,31.54,18.37,1.62,84.55,0.46,,,,,,,,
23-Nov-2019 - 00:00,120.88,205.89,5.73,31.85,21.59,19.57,9.51,1,50.29,1.17,,,,,,,,
24-Nov-2019 - 00:00,102.81,180.69,,,,,,,,,,,,,,,,
25-Nov-2019 - 00:00,136.06,246.55,18.78,46.8,40.24,20.53,28.38,1.07,76.63,0.74,,,,,,,,
26-Nov-2019 - 00:00,95.53,251.94,5.23,35.93,23.07,24.16,31.85,1.06,58,1.45,,,,,,,,
27-Nov-2019 - 00:00,83.19,179.46,0.33,4.29,2.54,18.75,,1,41.28,1.37,,,,,,,,
28-Nov-2019 - 00:00,33.26,77.72,6.18,13.47,11.75,23.23,0.3,0.99,41.33,1.52,,,,,,,,
29-Nov-2019 - 00:00,59.49,123.46,12.34,30.33,26.24,25.66,0.3,0.87,31.76,0.95,,,,,,,,
30-Nov-2019 - 00:00,85.77,140.01,11.88,29.9,25.61,26.9,26.55,0.8,26.93,0.71,,,,,,,,
01-Dec-2019 - 00:00,122.38,195.47,5.54,21.34,31.63,26.63,58.39,0.73,51.21,0.76,,,,,,,,
02-Dec-2019 - 00:00,156.56,252.05,11.68,33.39,44.84,28.72,48.5,0.95,46.63,0.76,,,,,,,,
03-Dec-2019 - 00:00,163.54,253.61,23.77,43.41,45.17,30.98,15.93,0.93,44.08,0.65,,,,,,,,
04-Dec-2019 - 00:00,182.67,303.45,45.85,61.03,44.56,33.37,32.99,1.22,47.17,0.51,,,,,,,,
05-Dec-2019 - 00:00,293.8,478,24.17,58.68,73.39,39.54,,1.94,67.8,0.72,,,,,,,,
06-Dec-2019 - 00:00,229.44,352.62,23.32,48.05,54.59,46.03,,1.87,39.32,0.73,,,,,,,,
07-Dec-2019 - 00:00,217.38,354.69,54.35,70.56,49.33,62.42,130.49,1.45,45.24,0.52,,,,,,,,
08-Dec-2019 - 00:00,200.33,327.27,39.41,56.84,46.46,60,4.42,1.12,41.37,0.64,,,,,,,,
09-Dec-2019 - 00:00,186.33,288.21,29.28,50.87,50.7,56.55,8.89,0.99,48.64,0.57,,,,,,,,
10-Dec-2019 - 00:00,245.42,373.77,68.57,87.68,59.84,61.31,4.71,1.49,45.62,0.47,,,,,,,,
11-Dec-2019 - 00:00,351.15,571.92,113.69,140.12,89.44,69.18,5.89,1.91,69.19,0.66,,,,,,,,
12-Dec-2019 - 00:00,294.49,425.01,16.29,44.75,59.19,61.64,6.12,1.19,31.79,1.26,,,,,,,,
13-Dec-2019 - 00:00,86.23,117.26,10.89,24.68,29.66,34.64,6.5,1.23,35.35,1.28,,,,,,,,
14-Dec-2019 - 00:00,61.02,121.19,11.8,25.08,29.11,27.24,3.17,0.71,29.5,0.76,,,,,,,,
15-Dec-2019 - 00:00,81.71,134.01,8.26,18.5,22.13,33.04,11.74,0.87,28.51,0.88,,,,,,,,
16-Dec-2019 - 00:00,68.77,112.18,5.4,13.64,17.37,34.13,11.75,0.44,25.46,1.15,,,,,,,,
17-Dec-2019 - 00:00,86.61,140.51,12.62,20.86,19.85,50.57,10.64,0.92,26.77,0.97,,,,,,,,
18-Dec-2019 - 00:00,136.8,212.1,7.58,20.87,27.61,56.12,10.74,0.69,38.28,1.02,,,,,,,,
19-Dec-2019 - 00:00,280.36,441.18,74.01,89.51,54.81,66.8,9.29,2,21.14,0.68,,,,,,,,
20-Dec-2019 - 00:00,302.38,451.09,22.66,45.37,50.17,69.1,11.35,2.96,13.16,0.52,,,,,,,,
21-Dec-2019 - 00:00,188.73,294.97,13.09,27.82,32.54,77.74,12.26,1.68,8.94,0.84,,,,,,,,
22-Dec-2019 - 00:00,126.11,186.59,6.05,17.96,24.51,64.81,10.17,1.63,19.85,1.17,,,,,,,,
23-Dec-2019 - 00:00,140.56,212.07,31.46,38.88,24.86,54.6,11.78,1.45,18.58,0.84,,,,,,,,
24-Dec-2019 - 00:00,212.42,356.24,26.96,44.01,41.41,54.4,10.29,2.21,13.38,0.72,,,,,,,,
25-Dec-2019 - 00:00,125.06,209.26,8.4,20.42,25.52,47.94,8.22,1.7,14.97,1.15,,,,,,,,
26-Dec-2019 - 00:00,169.58,272.17,11.37,25.54,30.59,56.7,14.13,1.4,13.59,0.97,,,,,,,,
27-Dec-2019 - 00:00,259.3,431.21,33.14,51.77,46.51,53.36,6.24,1.58,9.85,0.59,,,,,,,,
28-Dec-2019 - 00:00,220.54,372.41,37.01,52.03,41.13,47.58,6.23,1.85,9.43,0.72,,,,,,,,
29-Dec-2019 - 00:00,274.67,455.99,17.24,41.43,51.4,47.42,10.18,1.51,22.26,0.62,,,,,,,,
30-Dec-2019 - 00:00,244.3,362.71,30.8,52.09,50.49,46.68,12.23,1.63,3.66,0.94,,,,,,,,
31-Dec-2019 - 00:00,276.455,432.935,75.48,57.9,91.16,50.4,11.275,11.285,19.86,0.96,,,,,,,,
01-Jan-2020 - 00:00,308.61,503.16,120.16,63.71,131.83,54.12,10.32,20.94,1.76,,,,,,,,,
02-Jan-2020 - 00:00,260.65,445.04,117.58,58.69,127.01,53.69,9.48,16.39,1.92,,,,,,,,,
03-Jan-2020 - 00:00,185.42,331.37,79.19,57.76,95.31,51.86,8.84,20.38,1.28,,,,,,,,,
04-Jan-2020 - 00:00,191.62,333.93,42.24,47.32,59.63,49.11,,32.38,1.31,,,,,,,,,
05-Jan-2020 - 00:00,164.42,,8.8,39.42,28.16,50.97,,44.48,1.02,,,,,,,,,
06-Jan-2020 - 00:00,158.88,161.78,17.72,47.16,39.63,54.27,,22.74,1.04,,,,,,,,,
07-Jan-2020 - 00:00,99.41,157.3,25.14,42.12,42.95,41.29,12.65,17.81,0.83,,,,,,,,,
08-Jan-2020 - 00:00,93.95,129.81,25.21,36.64,39.76,38.88,12.87,15.04,1.55,,,,,,,,,
09-Jan-2020 - 00:00,84.35,137.71,10.78,31.21,25.41,30.6,11.96,23.38,2.61,,,,,,,,,
10-Jan-2020 - 00:00,130.82,194.45,13,43.86,33.93,33.7,13.46,31.36,4.48,,,,,,,,,
11-Jan-2020 - 00:00,143.79,221.64,16.22,49.02,39.26,40.07,12.18,32.71,0,,,,,,,,,
12-Jan-2020 - 00:00,190.08,307.28,60.25,56.41,79.16,51.71,12.53,27.24,,,,,,,,,,
13-Jan-2020 - 00:00,208.08,358.53,56.74,61.38,78.95,56.89,11.8,17.96,1.02,,,,,,,,,
14-Jan-2020 - 00:00,108.64,174.22,6.48,26.96,19.63,48.7,12.38,22.38,1.22,,,,,,,,,
15-Jan-2020 - 00:00,113.41,202.92,7.43,34.12,24.2,41.22,12.81,30.8,0.73,,,,,,,,,
16-Jan-2020 - 00:00,146.65,232.1,13.6,36.71,30.62,43.66,12.85,11.35,0.68,,,,,,,,,
17-Jan-2020 - 00:00,119.92,188.12,18.53,30.51,31.34,40.05,11.83,13.64,0.65,,,,,,,,,
18-Jan-2020 - 00:00,111.88,176.92,15.04,38.88,32.92,35.59,11.96,23.57,0.71,,,,,,,,,
19-Jan-2020 - 00:00,108.75,154.98,5.23,19.68,14.74,31.71,12.66,28.63,0.49,,,,,,,,,
20-Jan-2020 - 00:00,143.46,221.08,27.31,32.41,39.56,33.47,12.17,26.2,0.76,,,,,,,,,
21-Jan-2020 - 00:00,267.4,432,41.66,58.69,65.2,42.51,12.19,19.5,1.17,,,,,,,,,
22-Jan-2020 - 00:00,149.15,211.1,29.8,33,41.85,36.42,12.93,21.24,0.99,,,,,,,,,
23-Jan-2020 - 00:00,67.2,132.57,5.88,33.28,22.5,33.19,8.81,41.3,0.44,,,,,,,,,
24-Jan-2020 - 00:00,91.07,155.29,15.34,41.19,34.44,33.95,6.64,51.16,0.77,,,,,,,,,
25-Jan-2020 - 00:00,175.97,312.49,37.41,52.45,58.55,48.07,16.93,54.93,0.9,,,,,,,,,
26-Jan-2020 - 00:00,196.29,304.52,24.69,41.03,41.96,52.03,13.21,50.37,0.91,,,,,,,,,
27-Jan-2020 - 00:00,195.75,335.19,58.06,61.11,79.85,53.6,17.4,31.26,1,,,,,,,,,
28-Jan-2020 - 00:00,105.5,162.94,15.36,43.56,35.75,41.76,13.01,26.31,0.71,,,,,,,,,
29-Jan-2020 - 00:00,83.31,155.67,9.36,34.8,26.15,35.38,12.61,37.47,0.58,,,,,,,,,
30-Jan-2020 - 00:00,93.43,158.31,9.07,30.19,23.45,31.27,11.6,32.66,0.68,,,,,,,,,
31-Jan-2020 - 00:00,96.15,183.14,19.08,31.12,32.11,27.76,12.79,27.34,0.69,,,,,,,,,
01-Feb-2020 - 00:00,108.24,211.19,48.26,31.99,56.36,30.3,12.61,35.79,0.83,,,,,,,,,
02-Feb-2020 - 00:00,115.57,184.17,6.48,28.81,20.6,32.85,11.98,33.82,0.71,,,,,,,,,
03-Feb-2020 - 00:00,152.57,297.02,56.62,43.81,70.82,35.09,14.56,43.16,1.08,,,,,,,,,
04-Feb-2020 - 00:00,174.3,379.53,79.69,66.43,100.24,38.48,24.05,52.59,0.93,,,,,,,,,
05-Feb-2020 - 00:00,140.49,271.98,10.16,40.14,29.64,40.17,18.48,41,0.75,,,,,,,,,
06-Feb-2020 - 00:00,142.73,262.43,21.26,39.8,38.49,33.11,18.23,44.98,0.69,,,,,,,,,
07-Feb-2020 - 00:00,156.81,270.66,71.32,47.51,83.47,31.67,16.53,36.85,0.97,,,,,,,,,
08-Feb-2020 - 00:00,160.5,254.98,6.02,34.8,23.42,32.64,18.21,44.82,0.54,,,,,,,,,
09-Feb-2020 - 00:00,177.4,280.03,12.01,39.82,30.97,33.51,21.02,43.47,0.78,,,,,,,,,
10-Feb-2020 - 00:00,173.12,296.78,26.93,46.06,46.41,31.71,18.47,38.81,0.85,,,,,,,,,
11-Feb-2020 - 00:00,164.04,279.18,20.32,49.01,42.64,31.98,17.51,41.81,0.75,,,,,,,,,
12-Feb-2020 - 00:00,185.05,297.19,6.32,35.43,24,39.99,23.74,50.11,1.1,,,,,,,,,
13-Feb-2020 - 00:00,93.34,163.99,4.78,23.52,16.41,35.45,18.97,52.48,0.94,,,,,,,,,
14-Feb-2020 - 00:00,83.38,177.88,4.98,22.86,16.22,32.62,22.78,54.27,0.74,,,,,,,,,
15-Feb-2020 - 00:00,105.62,195.82,5.21,32.57,21.57,30.93,23.23,53.56,0.75,,,,,,,,,
16-Feb-2020 - 00:00,159.09,277.48,10.79,46.5,33.52,39.81,30,48.13,0.98,,,,,,,,,
17-Feb-2020 - 00:00,163.25,282.45,10.07,45.32,32.31,41.41,31.85,52.29,0.88,,,,,,,,,
18-Feb-2020 - 00:00,146.07,260.66,23.61,47.83,44.66,35.58,31.98,56.05,0.9,,,,,,,,,
19-Feb-2020 - 00:00,182.27,396.51,112.19,75.16,131.35,34.72,27.28,59.48,1.91,,,,,,,,,
20-Feb-2020 - 00:00,111.65,283.81,14.05,52.12,39.22,37.63,20.06,53.56,1.09,,,,,,,,,
21-Feb-2020 - 00:00,52.44,106.56,5.91,30.11,20.82,36.08,10.75,48.93,1.2,,,,,,,,,
22-Feb-2020 - 00:00,66.14,145.19,10.1,38.55,28.74,35.95,15.5,42.44,0.77,,,,,,,,,
23-Feb-2020 - 00:00,106.44,213.54,16.69,45.05,37.56,47.89,22.24,42.12,0.5,,,,,,,,,
24-Feb-2020 - 00:00,74.92,173.17,8.21,47.67,32.02,45.14,24.88,46.35,0.66,,,,,,,,,
25-Feb-2020 - 00:00,149.9,261.29,11.66,49.39,35.78,52.73,29.34,38.96,0.64,,,,,,,,,
26-Feb-2020 - 00:00,188.29,346.65,36.86,53.72,58.67,46.12,30.98,36.98,0.91,,,,,,,,,
27-Feb-2020 - 00:00,127.83,272.48,26.32,56.14,51.22,41.98,19.54,44.77,0.98,,,,,,,,,
28-Feb-2020 - 00:00,86.19,203.1,13.1,51.21,38.04,41.45,10.25,34.1,0.66,,,,,,,,,
29-Feb-2020 - 00:00,60.08,138.25,15.09,35.62,31.28,35.52,15.14,36.54,0.5,,,,,,,,,
01-Mar-2020 - 00:00,50.58,118.46,16.78,47.58,38.99,31.71,15.04,47.73,0.61,,,,,,,,,
02-Mar-2020 - 00:00,85.65,205.27,25.66,48.13,46.51,36.12,17.28,43.25,0.68,,,,,,,,,
03-Mar-2020 - 00:00,94.28,219.77,16.03,44.74,36.9,39,27.25,41.23,0.58,,,,,,,,,
04-Mar-2020 - 00:00,91.49,221.01,45.42,58.62,68.25,36.56,19.98,46.6,0.86,,,,,,,,,
05-Mar-2020 - 00:00,31.4,74.53,14.14,44.02,34.91,35.62,10.91,30.43,0.87,,,,,,,,,
06-Mar-2020 - 00:00,22.98,46.22,14.4,40.55,33.35,28.83,12.22,35.54,0.52,,,,,,,,,
07-Mar-2020 - 00:00,48.79,109.69,12.31,50.38,36.87,28.74,14.59,43.43,0.61,,,,,,,,,
08-Mar-2020 - 00:00,67.97,121.16,21.54,35.03,36.18,28.99,15.11,37.76,0.67,,,,,,,,,
09-Mar-2020 - 00:00,59.9,134.38,4.36,28.55,18.73,29.91,16.17,42.71,0.39,,,,,,,,,
10-Mar-2020 - 00:00,75.22,147.39,2.35,21.65,13.45,29.25,21.72,66.75,0.42,,,,,,,,,
11-Mar-2020 - 00:00,57.07,124.51,6.57,33.05,22.93,28.63,16.11,57.82,0.58,,,,,,,,,
12-Mar-2020 - 00:00,53.52,147.71,8.82,40.54,28.72,30.82,15.82,39.85,0.52,,,,,,,,,
13-Mar-2020 - 00:00,89.45,268.33,31.32,45.41,49.71,33.39,24.2,43.59,0.7,,,,,,,,,
14-Mar-2020 - 00:00,40.25,93.14,12.48,38.04,30.43,25.28,12.27,34.52,0.33,,,,,,,,,
15-Mar-2020 - 00:00,74.54,161.28,23.11,35.22,37.63,32.01,13.47,47.04,0.58,,,,,,,,,
16-Mar-2020 - 00:00,67.08,156.95,5.18,34.83,22.85,30.92,13.51,50.84,0.54,,,,,,,,,
17-Mar-2020 - 00:00,79.78,174,5.08,36.65,23.61,33.95,18.24,49.88,0.47,,,,,,,,,
18-Mar-2020 - 00:00,76.59,174.55,5.08,37.79,24.24,40.29,14.58,62.56,0.52,,,,,,,,,
19-Mar-2020 - 00:00,108.41,234.09,11.02,41.03,30.8,39.38,14.96,52.63,0.64,,,,,,,,,
20-Mar-2020 - 00:00,101.76,272.94,22.16,52.29,45.86,36.5,21.6,55.72,0.87,,,,,,,,,
21-Mar-2020 - 00:00,131.73,300.24,22.61,50.22,45,43.54,29.59,60.14,0.93,,,,,,,,,
22-Mar-2020 - 00:00,90.16,176.5,9.43,28.79,23.02,37.52,17.8,56.49,0.74,,,,,,,,,
23-Mar-2020 - 00:00,64.07,152.99,10.89,28.22,23.89,29.95,15.46,49.71,0.61,,,,,,,,,
24-Mar-2020 - 00:00,63.92,145.89,8.52,29.32,22.55,28.03,16.65,49.83,0.48,,,,,,,,,
25-Mar-2020 - 00:00,44.61,102.92,5.87,17.18,13.9,30.35,8.44,44.41,0.43,,,,,,,,,
26-Mar-2020 - 00:00,60.84,115.16,2.78,14.32,9.87,27.86,16.21,34.61,0.39,,,,,,,,,
27-Mar-2020 - 00:00,25.57,54.01,6.31,13.78,12.47,18.45,8.61,32.1,0.62,,,,,,,,,
28-Mar-2020 - 00:00,27.76,61.29,3.27,16.64,11.51,19.05,7.47,32.85,0.38,,,,,,,,,
29-Mar-2020 - 00:00,32.8,84.84,2.24,12.1,8.27,18.23,8.35,49,0.21,,,,,,,,,
30-Mar-2020 - 00:00,34.22,95.75,2.02,13.4,8.77,19.05,8.73,53.01,0.3,,,,,,,,,
31-Mar-2020 - 00:00,72.75,141.12,1.56,13.51,8.48,25.26,,37.28,0.48,,,,,,,,,
01-Apr-2020 - 00:00,,,,,,,,,,,,,,,,,,
02-Apr-2020 - 00:00,,,,,,,,,,,,,,,,,,
03-Apr-2020 - 00:00,,,,,,,,,,,,,,,,,,
04-Apr-2020 - 00:00,,,,,,,,,,,,,,,,,,
05-Apr-2020 - 00:00,,,,,,,,,,,,,,,,,,
06-Apr-2020 - 00:00,,,,,,,,,,,,,,,,,,
07-Apr-2020 - 00:00,27.33,164.67,2.31,129.56,70.9,37.47,5.48,89.16,0.27,,,,,,,,,
08-Apr-2020 - 00:00,,,,,,,,,,,,,,,,,,
09-Apr-2020 - 00:00,,,,,,,,,,,,,,,,,,
10-Apr-2020 - 00:00,,,,,,,,,,,,,,,,,,
11-Apr-2020 - 00:00,33.9,124.19,,,4.85,41.38,,,,,,,,,,,,
12-Apr-2020 - 00:00,65.41,124.81,,,5.38,50.54,,,,,,,,,,,,
13-Apr-2020 - 00:00,,,,,,,,,,,,,,,,,,
14-Apr-2020 - 00:00,,,,,,,,,,,,,,,,,,
15-Apr-2020 - 00:00,,,,,,,,,,,,,,,,,,
16-Apr-2020 - 00:00,,,,,,,,,,,,,,,,,,
17-Apr-2020 - 00:00,,,,,,,,,,,,,,,,,,
18-Apr-2020 - 00:00,,,,,,,,,,,,,,,,,,
19-Apr-2020 - 00:00,69.6,189.75,5.41,49.53,30.51,39.8,16.57,62.11,0.93,,,,,,,,,
20-Apr-2020 - 00:00,75.08,181.29,6.75,40.67,27.15,34.11,12.69,50.69,1.61,,,,,,,,,
21-Apr-2020 - 00:00,55.88,146.58,1.8,31.29,18.12,34,20.61,72.6,1.67,,,,,,,,,
22-Apr-2020 - 00:00,60.02,173.83,2.07,32.72,19.09,29.82,12.44,80.98,0.66,,,,,,,,,
23-Apr-2020 - 00:00,75.6,183.83,4.07,38.16,23.63,34.11,19.71,65.55,0.46,,,,,,,,,
24-Apr-2020 - 00:00,103.25,228.4,5.72,38.38,25.08,38.25,19.81,83.62,0.85,,,,,,,,,
25-Apr-2020 - 00:00,36.04,126.27,1.76,28.57,16.63,29.08,7.11,83.37,0.34,,,,,,,,,
26-Apr-2020 - 00:00,48.44,167.23,3.5,29.06,18.3,31.74,12.54,69.13,0.88,,,,,,,,,
27-Apr-2020 - 00:00,37.77,83.4,2.76,26.99,16.58,33.65,8.7,73.94,0.85,,,,,,,,,
28-Apr-2020 - 00:00,53.21,127.52,2.65,27.62,16.85,34.95,16.58,84,0.63,,,,,,,,,
29-Apr-2020 - 00:00,68.88,164.79,4.97,31.08,20.61,35.69,13.26,86.35,0.77,,,,,,,,,
30-Apr-2020 - 00:00,63.48,148,2.7,31.56,18.99,41.05,13.03,86.86,0.49,,,,,,,,,
01-May-2020 - 00:00,78.99,196.16,3.81,30.44,19.31,49.2,17.25,86.98,1.09,,,,,,,,,
02-May-2020 - 00:00,39.18,133.97,3.19,26.3,16.58,44.75,10.37,82.22,0.9,,,,,,,,,
03-May-2020 - 00:00,37.73,96.42,2.5,25.99,15.86,40.45,9.52,64.66,0.77,,,,,,,,,
04-May-2020 - 00:00,36.1,91.17,1.7,24.51,14.42,39.06,10.27,75.87,0.61,,,,,,,,,
05-May-2020 - 00:00,72.71,178.67,3.12,31.89,19.52,38.04,13.69,76.59,0.69,,,,,,,,,
06-May-2020 - 00:00,86.27,234.67,2.24,28.73,17.1,39.29,14.66,80.04,0.74,,,,,,,,,
07-May-2020 - 00:00,41.79,116.12,2.63,23.65,14.64,32.89,12.98,105.12,0.53,,,,,,,,,
08-May-2020 - 00:00,74.98,182.9,1.97,25.95,15.42,36.99,16.67,106.66,1.08,,,,,,,,,
09-May-2020 - 00:00,68.25,167.5,3.32,29.57,18.44,39.43,15.18,106.07,0.52,,,,,,,,,
10-May-2020 - 00:00,60.31,129.91,2.78,23.67,14.76,42.28,11.52,76.35,0.42,,,,,,,,,
11-May-2020 - 00:00,57.75,129.92,4.3,29.01,18.95,39.41,13.32,89.37,0.63,,,,,,,,,
12-May-2020 - 00:00,59.02,150.79,2.34,23.13,14.22,38.54,15.39,94.29,0.61,,,,,,,,,
13-May-2020 - 00:00,105.27,246.79,2.25,31.54,18.63,44.61,21.02,71.11,0.76,,,,,,,,,
14-May-2020 - 00:00,92.94,229.71,5.06,28.24,19.12,44.34,14.63,78.66,0.68,,,,,,,,,
15-May-2020 - 00:00,67.33,160.67,2.53,25.9,15.86,42.03,17.86,78.56,0.54,,,,,,,,,
16-May-2020 - 00:00,91.31,206.15,1.79,25.48,15.01,40.38,23.68,92.13,2.23,,,,,,,,,
17-May-2020 - 00:00,113.23,254.12,2.3,29.42,17.48,39.33,30.94,94.71,0.63,,,,,,,,,
18-May-2020 - 00:00,119.91,264.16,4,41.83,25.49,38.21,31.72,82.02,0.82,,,,,,,,,
19-May-2020 - 00:00,118.65,327.52,11.63,50.19,35.82,35.76,23.9,80.89,1.41,,,,,,,,,
20-May-2020 - 00:00,93.63,219.37,2.39,36.62,21.43,35.68,29.66,88.34,0.55,,,,,,,,,
21-May-2020 - 00:00,72.84,225.19,2.31,33.31,19.62,34.38,27.86,85.5,1.16,,,,,,,,,
22-May-2020 - 00:00,136.01,310.98,8.66,47.39,32.29,40.7,38.11,86.24,1.63,,,,,,,,,
23-May-2020 - 00:00,102.81,304.42,15.42,48.88,38.56,31.78,18.61,49.54,1.7,,,,,,,,,
24-May-2020 - 00:00,67.24,246.69,2.87,27.38,16.79,32.87,17.14,69.31,1.61,,,,,,,,,
25-May-2020 - 00:00,71.68,208.64,2.08,27.53,16.34,35.41,27.46,73.22,1.52,,,,,,,,,
26-May-2020 - 00:00,89.44,266.27,9.96,35.23,26.89,35.17,33.17,56.74,1.69,,,,,,,,,
27-May-2020 - 00:00,56.43,221.35,4.76,34.78,22.37,25.05,16.51,91,1.29,,,,,,,,,
28-May-2020 - 00:00,53,273.62,4.53,26.21,17.65,25.59,8.76,58.28,1.3,,,,,,,,,
29-May-2020 - 00:00,31.19,94.36,4.96,28.35,19.16,42.8,10.1,44.56,1.32,,,,,,,,,
30-May-2020 - 00:00,27.07,61.95,8.31,35.75,25.8,46.63,7.38,52.74,1.49,,,,,,,,,
31-May-2020 - 00:00,25.53,53.08,4.22,25.81,17.19,45.73,5.89,40.96,1.63,,,,,,,,,
01-Jun-2020 - 00:00,46.17,115.22,3.41,24.57,15.86,47.83,15.64,50.64,1.46,,,,,,,,,
02-Jun-2020 - 00:00,52.03,125.01,2.81,26.23,16.24,43.04,6.94,48.89,1.39,,,,,,,,,
03-Jun-2020 - 00:00,56.79,146.96,5.99,31.09,21.42,48.57,11.8,56.48,1.31,,,,,,,,,
04-Jun-2020 - 00:00,71.6,175.92,11.95,39.02,30.46,46.46,14.46,37.58,1.63,,,,,,,,,
05-Jun-2020 - 00:00,48.21,116.46,4.75,28.37,18.94,46.01,10.81,52,1.47,,,,,,,,,
06-Jun-2020 - 00:00,47.02,125.32,6.68,28.75,20.74,21.97,6.93,32.11,1.48,,,,,,,,,
07-Jun-2020 - 00:00,50.26,134.54,4.02,27.24,17.77,17.36,10.57,33.77,1.52,,,,,,,,,
08-Jun-2020 - 00:00,54.14,143.49,2.63,25.19,15.53,16.66,12.16,41.03,1.42,,,,,,,,,
09-Jun-2020 - 00:00,78.55,205.32,13.09,39.04,31.44,17.09,15.89,39.9,1.6,,,,,,,,,
10-Jun-2020 - 00:00,72.41,205.34,5.68,33.8,22.62,15.97,7.94,30.49,1.54,,,,,,,,,
11-Jun-2020 - 00:00,70.97,191.88,5,29.06,19.5,15.47,10.06,34.39,1.27,,,,,,,,,
12-Jun-2020 - 00:00,85.41,238.35,10.99,39.53,30.01,14.28,8.87,37.33,1.78,,,,,,,,,
13-Jun-2020 - 00:00,72.8,202.78,8.2,39.11,27.51,13.74,6.18,20.75,2.59,,,,,,,,,
14-Jun-2020 - 00:00,79.98,218.53,9.8,30.04,23.94,14.08,8.1,12.63,1.58,,,,,,,,,
15-Jun-2020 - 00:00,62.92,172.36,11.5,30.01,25.31,12.9,5.41,13.21,0.57,,,,,,,,,
16-Jun-2020 - 00:00,53.25,155.65,15.79,31.04,29.39,12.2,8.55,14.34,1.45,,,,,,,,,
17-Jun-2020 - 00:00,42.38,128.73,8.71,28.5,22.31,11.49,5.17,14.44,1.13,,,,,,,,,
18-Jun-2020 - 00:00,43.22,126.85,6.33,24.64,18.28,13.36,4.95,14.86,1.53,,,,,,,,,
19-Jun-2020 - 00:00,73.19,221.91,7.95,25.99,20.31,15.41,4.34,13.21,1.51,,,,,,,,,
20-Jun-2020 - 00:00,41.91,111.36,7.17,29.98,21.82,13.41,2.16,14.16,1.52,,,,,,,,,
21-Jun-2020 - 00:00,50.85,128.53,13.55,32.85,28.43,14.61,3.49,17.12,1.43,,,,,,,,,
22-Jun-2020 - 00:00,41.65,99.58,3.38,22.26,14.62,15.34,4.45,16.57,1.35,,,,,,,,,
23-Jun-2020 - 00:00,34.19,81.91,10.56,27.45,23.21,17.36,3.03,15.4,1.84,,,,,,,,,
24-Jun-2020 - 00:00,32.22,75.11,9.7,26.99,22.22,17.5,1.34,13.88,1.4,,,,,,,,,
25-Jun-2020 - 00:00,46.75,119.76,7.19,30.55,22.12,18.27,1.14,15,1.99,,,,,,,,,
26-Jun-2020 - 00:00,52.19,134.31,11.47,28.9,24.67,17.31,2.48,15.2,1.54,,,,,,,,,
27-Jun-2020 - 00:00,51.23,201.74,4.51,21.11,14.88,16.1,4.55,9.72,0.72,,,,,,,,,
28-Jun-2020 - 00:00,63.68,379.8,5.01,22.38,15.99,15.27,6.12,10.06,0.79,,,,,,,,,
29-Jun-2020 - 00:00,50.55,236.89,8.82,24.16,20.08,13.81,4.68,15.54,0.82,,,,,,,,,
30-Jun-2020 - 00:00,47.61,122.93,6.96,27.67,20.39,16.99,3.21,22.11,0.53,,,,,,,,,
01-Jul-2020 - 00:00,53.71,154.44,5.92,30.01,20.77,17.26,5.24,25.8,0.92,,,,,,,,,
02-Jul-2020 - 00:00,70.04,190.29,10.08,37.29,28.04,16.33,2.9,32.36,0.42,,,,,,,,,
03-Jul-2020 - 00:00,66.17,178.58,9.84,40.38,29.53,14.62,3.19,32.31,0.57,,,,,,,,,
04-Jul-2020 - 00:00,45.33,113.25,7.57,28.36,21.22,12.46,2.37,27.26,0.92,,,,,,,,,
05-Jul-2020 - 00:00,24.19,70.17,3.5,19.76,13.38,9.46,5.87,25.46,1.17,,,,,,,,,
06-Jul-2020 - 00:00,46.52,112.35,5.92,27.36,19.42,9.55,6.54,24.35,1.15,,,,,,,,,
07-Jul-2020 - 00:00,20.15,53.46,12.14,21.04,21.14,7.28,7.19,15.66,0.6,,,,,,,,,
08-Jul-2020 - 00:00,21.17,48.4,8.44,22.09,18.7,7.04,4.43,18.96,0.57,,,,,,,,,
09-Jul-2020 - 00:00,38.31,87.42,4.52,25.43,17.22,7.77,5.12,28.02,0.77,,,,,,,,,
10-Jul-2020 - 00:00,27.62,75.88,2.51,19.16,12.24,6.74,2.82,25.26,0.53,,,,,,,,,
11-Jul-2020 - 00:00,21.4,63.23,5.41,23.28,16.46,6.39,4.12,29.15,0.66,,,,,,,,,
12-Jul-2020 - 00:00,25.17,69.54,2.7,18.45,12,6.26,9.61,26.33,0.84,,,,,,,,,
13-Jul-2020 - 00:00,37.67,129.81,2.53,21.03,13.25,6.31,12.68,30.13,1.01,,,,,,,,,
14-Jul-2020 - 00:00,51.06,181.77,5.83,21.73,16.32,6.53,7.04,29.75,1.21,,,,,,,,,
15-Jul-2020 - 00:00,41.23,117.77,5.97,23.79,17.52,6.87,11.15,29.74,0.79,,,,,,,,,
16-Jul-2020 - 00:00,34.73,83.64,5.53,22.38,16.38,6.74,13.73,25.56,1.02,,,,,,,,,
17-Jul-2020 - 00:00,48.36,111.26,8.49,31.71,23.78,7.94,8.52,28.14,1.03,,,,,,,,,
18-Jul-2020 - 00:00,32.89,84.99,6.92,22.67,17.72,7.12,9.4,21.21,0.6,,,,,,,,,
19-Jul-2020 - 00:00,19.16,47.4,4.1,21.15,14.6,6.68,2.28,25.51,1.63,,,,,,,,,
20-Jul-2020 - 00:00,16.15,54.13,4.34,25.3,16.99,6.31,3,28.29,0.43,,,,,,,,,
21-Jul-2020 - 00:00,21.6,52.15,8.94,31.35,23.99,6.2,5.76,33.19,0.44,,,,,,,,,
22-Jul-2020 - 00:00,26.64,60.77,4.95,25.77,17.75,6.37,4.9,35.75,0.67,,,,,,,,,
23-Jul-2020 - 00:00,33.27,77.31,8.15,27.01,21.01,7.1,6.39,36.04,0.61,,,,,,,,,
24-Jul-2020 - 00:00,51.83,101.65,6.59,31.03,21.87,8.64,5.51,29.79,0.67,,,,,,,,,
25-Jul-2020 - 00:00,28.97,72.41,9.65,22.03,19.58,11.52,6.46,22.41,0.75,,,,,,,,,
26-Jul-2020 - 00:00,43.46,98.18,6.9,30.38,21.78,9.65,2.2,34.81,1.06,,,,,,,,,
27-Jul-2020 - 00:00,39.83,106.14,4.63,25.66,17.42,9.04,3.39,30.28,0.81,,,,,,,,,
28-Jul-2020 - 00:00,23.53,85.59,4.38,24.03,16.36,8.08,4.55,18.89,0.9,,,,,,,,,
29-Jul-2020 - 00:00,23.95,95.72,11.47,36.66,28.86,7.15,4.76,19.19,0.75,,,,,,,,,
30-Jul-2020 - 00:00,20.76,58.2,10.49,29.62,24.31,6.59,3.68,17.11,0.81,,,,,,,,,
31-Jul-2020 - 00:00,35.08,87.31,6.71,32.51,22.76,6.71,5.13,19.05,0.95,,,,,,,,,
01-Aug-2020 - 00:00,26.04,59.92,6.5,24.48,18.32,6.34,2.89,15.89,0.74,,,,,,,,,
02-Aug-2020 - 00:00,21.69,43.62,5.91,18.06,14.43,5.6,4.98,15.13,0.77,,,,,,,,,
03-Aug-2020 - 00:00,25.46,66.6,5.42,18.5,14.26,6.74,3.56,22.92,0.69,,,,,,,,,
04-Aug-2020 - 00:00,23.73,90.17,6.76,24.85,18.71,6.84,2.87,27.7,0.73,,,,,,,,,
05-Aug-2020 - 00:00,37.69,109,7.92,30.59,22.73,6.82,3.56,27.41,0.91,,,,,,,,,
06-Aug-2020 - 00:00,18.26,77.06,9.55,21.76,19.36,5.69,4.14,26.19,0.65,,,,,,,,,
07-Aug-2020 - 00:00,20.31,57.85,8.33,25.13,20.15,7.19,3.58,20.81,0.75,,,,,,,,,
08-Aug-2020 - 00:00,40.98,92.27,3.63,23.95,15.7,10.81,2.44,19.75,0.86,,,,,,,,,
09-Aug-2020 - 00:00,27.92,55.04,3.72,17.83,12.52,9.9,3.62,20.79,0.78,,,,,,,,,
10-Aug-2020 - 00:00,33.95,69.31,10.78,27.77,23.56,9.84,2.56,21.91,0.87,,,,,,,,,
11-Aug-2020 - 00:00,37.07,83.38,10.07,25.73,21.9,9.62,2,21.44,0.93,,,,,,,,,
12-Aug-2020 - 00:00,19.36,60.34,3.49,15.57,11.13,8.59,0.78,21,0.81,,,,,,,,,
13-Aug-2020 - 00:00,15.99,44.64,6.31,22.78,17.26,8.54,5.62,15.85,1.55,,,,,,,,,
14-Aug-2020 - 00:00,18.73,59.39,5.48,18.52,14.33,9.69,3.34,9.86,0.29,,,,,,,,,
15-Aug-2020 - 00:00,31.54,69.5,11.98,25.19,23.17,9.77,3.48,11.24,0.34,,,,,,,,,
16-Aug-2020 - 00:00,26.71,70.99,21.21,27.64,31.99,9.21,2.96,12.16,0.7,,,,,,,,,
17-Aug-2020 - 00:00,30.72,76.74,15.44,31.89,29.54,9,2.72,11.52,0.54,,,,,,,,,
18-Aug-2020 - 00:00,36.42,88.76,13.02,31.88,27.57,8.94,2.79,11.12,0.65,,,,,,,,,
19-Aug-2020 - 00:00,18.8,47.97,17.05,32.83,31.37,8.12,3.01,10.19,0.45,,,,,,,,,
20-Aug-2020 - 00:00,15.1,42.14,9.9,29.83,23.94,8.09,1.73,8,0.32,,,,,,,,,
21-Aug-2020 - 00:00,14.42,48.15,9.12,23.46,19.92,8.03,3.43,8,0.55,,,,,,,,,
22-Aug-2020 - 00:00,12.71,61.43,7.61,18.3,15.94,8.51,3.09,8.87,0.51,,,,,,,,,
23-Aug-2020 - 00:00,17.24,54,5.46,17.13,13.57,9.41,2.57,14.07,1.05,,,,,,,,,
24-Aug-2020 - 00:00,17.56,58.58,21.69,31.23,34.3,10.88,4.15,12.66,1.59,,,,,,,,,
25-Aug-2020 - 00:00,24.98,73.65,13.94,33.98,29.45,11.52,2.87,12.48,0.52,,,,,,,,,
26-Aug-2020 - 00:00,16.06,55.69,9.23,22.5,19.49,10.89,4.3,12.02,0.46,,,,,,,,,
27-Aug-2020 - 00:00,28,80.98,8.03,22.13,18.32,11.15,3.28,12.02,0.78,,,,,,,,,
28-Aug-2020 - 00:00,29.65,81.92,12.47,25.93,23.97,11.59,7.11,11.35,0.34,,,,,,,,,
29-Aug-2020 - 00:00,31.23,84.31,14.22,31.18,28.15,11.59,7.92,11.54,0.38,,,,,,,,,
30-Aug-2020 - 00:00,21.04,64.73,9.16,19.61,17.9,11.09,7.54,9.76,0.67,,,,,,,,,
31-Aug-2020 - 00:00,15.9,49.67,16.19,31.79,30.1,10.57,6.04,10.66,0.39,,,,,,,,,
01-Sep-2020 - 00:00,24.75,77.27,21.55,37.77,37.69,10.72,6.87,11.38,0.82,,,,,,,,,
02-Sep-2020 - 00:00,29.81,91.33,3.56,28.06,17.83,11.01,5.95,11.94,0.26,,,,,,,,,
03-Sep-2020 - 00:00,46.54,126.44,13.51,36.09,30.21,11.94,14.06,13.13,0.39,,,,,,,,,
04-Sep-2020 - 00:00,50.65,129.94,8.55,37.12,26.72,12.24,6.65,12.47,0.45,,,,,,,,,
05-Sep-2020 - 00:00,51.52,120.17,11.53,29.72,25.21,12.31,7.73,12.66,0.43,,,,,,,,,
06-Sep-2020 - 00:00,30.02,73.17,4.05,20.52,14.23,12.09,5.02,11.11,0.49,,,,,,,,,
07-Sep-2020 - 00:00,35.38,88.42,6.79,25.49,19.09,12.57,7.06,11.54,0.49,,,,,,,,,
08-Sep-2020 - 00:00,30.93,81.75,3.41,22.73,14.86,13.02,8.7,14.58,0.65,,,,,,,,,
09-Sep-2020 - 00:00,50.52,116.56,3.64,25.3,16.43,19.17,10.66,17.28,0.84,,,,,,,,,
10-Sep-2020 - 00:00,49.39,119.86,6,28.27,19.92,26.16,12.76,17.35,1.39,,,,,,,,,
11-Sep-2020 - 00:00,65.06,175.16,21.14,31.58,34.05,28.87,11.61,20.19,1.17,,,,,,,,,
12-Sep-2020 - 00:00,61.02,184.69,17.69,31.59,31.22,43.89,2.42,15.18,1.09,,,,,,,,,
13-Sep-2020 - 00:00,68.02,183.48,10.69,31.38,25.4,47.06,3.16,17.48,0.96,,,,,,,,,
14-Sep-2020 - 00:00,68.35,178.25,12.18,32.48,27.21,48.02,5.34,16.82,1.04,,,,,,,,,
15-Sep-2020 - 00:00,68.9,168.03,6.64,31.34,22.08,44.85,4.61,16.39,0.96,,,,,,,,,
16-Sep-2020 - 00:00,66.26,180.26,7.01,31.61,22.53,42.97,5.29,16.02,0.93,,,,,,,,,
17-Sep-2020 - 00:00,50.61,130.5,3.61,24.45,15.95,40.63,4.66,15.88,0.88,,,,,,,,,
18-Sep-2020 - 00:00,44.52,140.32,3.03,23.45,14.95,37,4.29,15.26,1.18,,,,,,,,,
19-Sep-2020 - 00:00,58.77,159.79,11.48,29.58,25.09,34.88,4.88,15.55,0.67,,,,,,,,,
20-Sep-2020 - 00:00,67.06,179.7,4.95,26.1,17.92,37.23,3.88,14.47,0.65,,,,,,,,,
21-Sep-2020 - 00:00,60,163.55,1.9,23.42,14.01,37.84,2.71,14.64,0.54,,,,,,,,,
22-Sep-2020 - 00:00,48.54,151.8,12.41,36.05,29.29,35.43,6.94,15.46,0.86,,,,,,,,,
23-Sep-2020 - 00:00,31.2,121.27,19.96,35.29,35.04,33.22,6.38,14.68,0.44,,,,,,,,,
24-Sep-2020 - 00:00,45.28,126.43,15.02,35.3,31,31.93,6.42,13.33,1.07,,,,,,,,,
25-Sep-2020 - 00:00,62.07,169.89,5.14,36.83,23.77,31.74,5.6,10.44,0.93,,,,,,,,,
26-Sep-2020 - 00:00,74.95,191.97,9.2,39,28.24,32.19,11.11,9.3,0.72,,,,,,,,,
27-Sep-2020 - 00:00,38.03,128.98,7.48,27.75,20.87,31.08,9.24,11.95,0.59,,,,,,,,,
28-Sep-2020 - 00:00,68.78,215.9,7,31.68,22.55,34.54,7.77,15.23,0.99,,,,,,,,,
29-Sep-2020 - 00:00,77,236.24,3.55,29.71,18.62,35.3,8.16,15.89,1.16,,,,,,,,,
30-Sep-2020 - 00:00,57.88,184.99,2.73,27.65,16.93,34.26,8.38,14.16,0.66,,,,,,,,,
01-Oct-2020 - 00:00,66.57,211.38,4.01,35.52,21.96,34.15,7.22,15.05,0.84,,,,,,,,,
02-Oct-2020 - 00:00,83.99,209.52,8.19,32.02,23.71,35.01,9.67,15.59,0.7,,,,,,,,,
03-Oct-2020 - 00:00,89.58,235.18,2.22,35.9,20.9,35.8,10.34,17.01,0.42,,,,,,,,,
04-Oct-2020 - 00:00,89.95,243.44,13.12,36.54,30.12,34.05,14.41,18.16,0.64,,,,,,,,,
05-Oct-2020 - 00:00,77.75,223.2,3.46,37.36,22.67,34.05,12.73,17.43,0.43,,,,,,,,,
06-Oct-2020 - 00:00,91.33,250.69,29.43,48.75,49.93,34.9,16.49,17.95,1.11,,,,,,,,,
07-Oct-2020 - 00:00,111.93,299.89,36.2,45.52,53.08,39.05,15.7,18.98,1.03,,,,,,,,,
08-Oct-2020 - 00:00,98.64,275.92,5.55,40.38,25.88,42.71,12.57,24.07,0.44,,,,,,,,,
09-Oct-2020 - 00:00,102.58,301.5,7.57,40.65,27.6,42.82,14.74,60.49,0.95,,,,,,,,,
10-Oct-2020 - 00:00,116.12,290.88,5.57,40.49,25.96,45.1,19.97,35.41,1.18,,,,,,,,,
11-Oct-2020 - 00:00,118.27,319.85,4.43,36.94,23.26,46.48,12.93,53.76,0.7,,,,,,,,,
12-Oct-2020 - 00:00,144.21,349.69,30.66,58.56,56.14,46.61,16.23,45.71,1.5,,,,,,,,,
13-Oct-2020 - 00:00,153.23,380.25,31.33,64.64,59.92,54.82,14.54,50.57,1.42,,,,,,,,,
14-Oct-2020 - 00:00,146.73,385.15,21.34,58.41,48.45,68.56,17.54,38.69,1.44,,,,,,,,,
15-Oct-2020 - 00:00,136.81,338.23,12.44,50.09,36.78,55.09,16.96,40.8,1.15,,,,,,,,,
16-Oct-2020 - 00:00,121.81,301.08,16.21,56.85,43.47,45.34,13.53,51.09,1.06,,,,,,,,,
17-Oct-2020 - 00:00,130.52,316.44,13.27,55.7,40.44,47.09,15.31,54.48,1.08,,,,,,,,,
18-Oct-2020 - 00:00,103.46,253.81,3.4,38.59,23.3,40.39,13.96,57.99,1.01,,,,,,,,,
19-Oct-2020 - 00:00,111.69,290.1,4.4,44.07,27.03,38.27,15.13,56.91,1.03,,,,,,,,,
20-Oct-2020 - 00:00,117.26,299.33,10.44,55.91,38.25,35.69,15.78,57.85,1.18,,,,,,,,,
21-Oct-2020 - 00:00,158.62,384.35,84.29,78.69,108.78,41.52,15.69,62.65,0.99,,,,,,,,,
22-Oct-2020 - 00:00,200.52,466.37,93.62,83.3,120.63,57.29,11.1,52,0.95,,,,,,,,,
23-Oct-2020 - 00:00,237.27,473.31,80.41,76.07,106.02,59.88,8.51,56.86,1.76,,,,,,,,,
24-Oct-2020 - 00:00,236.12,421.79,45.51,68.59,73.57,55.94,7.04,49.06,1.19,,,,,,,,,
25-Oct-2020 - 00:00,211.21,409.27,95.65,74.6,115.98,49.51,6.63,57.68,1.38,,,,,,,,,
26-Oct-2020 - 00:00,198.08,407.69,34.14,63.98,61.85,53.75,6.67,52.16,1.12,,,,,,,,,
27-Oct-2020 - 00:00,176.33,318.54,7.38,49.92,32.56,21.55,5.66,45.66,1.08,,,,,,,,,
28-Oct-2020 - 00:00,211.6,371.73,49.31,68.89,76.84,13.37,7.29,45.62,1.69,,,,,,,,,
29-Oct-2020 - 00:00,301.5,527.17,74.91,96.6,112.44,17.18,8.54,38.12,2.47,,,,,,,,,
30-Oct-2020 - 00:00,240.06,398.79,10.66,59.46,40.32,16.12,6.54,47.72,1.58,,,,,,,,,
31-Oct-2020 - 00:00,302.79,479.19,3.7,50.02,29.57,17.15,9.82,50.84,1.6,,,,,,,,,
01-Nov-2020 - 00:00,321.04,491.06,6.04,52,32.45,16.39,7.66,49.13,1.86,,,,,,,,,
02-Nov-2020 - 00:00,209,387.02,74.89,62.5,94.29,13.93,7.67,36.28,1.72,,,,,,,,,
03-Nov-2020 - 00:00,181.53,417.62,116.22,81.77,138.22,13.69,10.6,33.75,2,,,,,,,,,
04-Nov-2020 - 00:00,400.45,610.97,76.2,92.56,111.36,22.26,9.18,24.27,2.06,,,,,,,,,
05-Nov-2020 - 00:00,337.18,512.53,41.12,76.26,74.09,24.1,7.11,41.89,1.83,,,,,,,,,
06-Nov-2020 - 00:00,328.28,512.54,22.74,72.46,56.67,27.24,7.66,41.52,1.71,,,,,,,,,
07-Nov-2020 - 00:00,376.27,573.64,17.87,65.67,49.49,28.05,6.37,51.49,1.84,,,,,,,,,
08-Nov-2020 - 00:00,449.4,674.61,31.51,79.44,67.35,30.99,8.34,45.81,2.1,,,,,,,,,
09-Nov-2020 - 00:00,603.01,717.35,24.95,82.91,63.51,34.58,6.54,42.39,2.54,,,,,,,,,
10-Nov-2020 - 00:00,405.74,488.76,116.96,91.76,144.16,37.32,13.31,44.25,2.87,,,,,,,,,
11-Nov-2020 - 00:00,196.36,384.52,163.77,68.42,169.9,32.16,12.7,33.7,2,,,,,,,,,
12-Nov-2020 - 00:00,186.62,385.64,134.76,83.09,154.06,33.04,12.9,30.39,2.16,,,,,,,,,
13-Nov-2020 - 00:00,279.73,447.3,19.98,68.29,52.6,35.58,11.45,45.38,2.24,,,,,,,,,
14-Nov-2020 - 00:00,500.24,707.57,18.14,65.01,49.37,37.82,12.8,42.34,2.72,,,,,,,,,
15-Nov-2020 - 00:00,300.31,439.47,9.58,54.4,36.74,36.92,12.23,55.85,1.93,,,,,,,,,
16-Nov-2020 - 00:00,80.69,144.31,5.98,35.99,24.03,36.06,6.95,40,1.53,,,,,,,,,
17-Nov-2020 - 00:00,86.12,157.16,9.84,37.36,27.9,31.71,7.68,31.5,1.58,,,,,,,,,
18-Nov-2020 - 00:00,138.7,241.97,21.39,48.82,43.68,28.63,6.42,44.15,1.87,,,,,,,,,
19-Nov-2020 - 00:00,167.02,311.46,25.56,64.41,55.09,27.87,11.76,46.85,1.81,,,,,,,,,
20-Nov-2020 - 00:00,157.79,262.16,6.01,49.04,30.99,27.54,8.99,52.51,1.58,,,,,,,,,
21-Nov-2020 - 00:00,136.2,244,7.71,47.04,31.31,23.29,9.24,53.25,1.63,,,,,,,,,
22-Nov-2020 - 00:00,175.64,297.14,18.46,53.46,43.48,24.15,11.44,56.49,1.95,,,,,,,,,
23-Nov-2020 - 00:00,206.95,383.86,111.59,86.97,137.24,25.09,18.45,38.88,2.55,,,,,,,,,
24-Nov-2020 - 00:00,288.05,542.17,131.87,105.77,163.77,31.94,19.86,52.95,2.83,,,,,,,,,
25-Nov-2020 - 00:00,322.6,516.73,20.98,74.44,56.69,41.14,19.8,25.18,2.23,,,,,,,,,
26-Nov-2020 - 00:00,114.69,228.46,9.33,41.04,29.44,33.04,14.58,26.33,1.38,,,,,,,,,
27-Nov-2020 - 00:00,87.39,162.31,8.77,40.66,28.78,29.56,6.85,27.14,1.36,,,,,,,,,
28-Nov-2020 - 00:00,127.01,218.18,11.44,50.65,36.27,27.59,8.19,36.61,1.57,,,,,,,,,
29-Nov-2020 - 00:00,194.38,306.04,21.99,63.9,51.92,26.06,12.58,43.05,1.86,,,,,,,,,
30-Nov-2020 - 00:00,247.7,385.51,35.73,80.38,71.88,29.89,12.1,36.85,2.39,,,,,,,,,
01-Dec-2020 - 00:00,259.11,417.1,43.57,86.19,81.35,32.57,11.37,40.19,2.18,,,,,,,,,
02-Dec-2020 - 00:00,231.89,375.72,21.46,73.51,56.55,31.87,10.86,44.91,2.19,,,,,,,,,
03-Dec-2020 - 00:00,250.4,434.51,81.84,80.48,109.52,35.48,12.14,41.6,2.72,,,,,,,,,
04-Dec-2020 - 00:00,378.62,617.82,97.64,111.58,138.95,42.2,14.57,43.89,2.89,,,,,,,,,
05-Dec-2020 - 00:00,307.98,507.74,13.03,82.76,54.64,42.35,10.87,39.6,2.22,,,,,,,,,
06-Dec-2020 - 00:00,306,469.45,10.93,68.59,45.39,42.93,8.68,45.6,2.21,,,,,,,,,
07-Dec-2020 - 00:00,265.61,390.9,19.02,57.39,46.02,41.74,5.84,32.9,2.32,,,,,,,,,
08-Dec-2020 - 00:00,262.74,438.24,56.5,70.43,83.52,41.01,13.29,33.55,2.4,,,,,,,,,
09-Dec-2020 - 00:00,204.84,416.72,75.68,73.92,101.03,44.09,15.43,34.35,1.95,,,,,,,,,
10-Dec-2020 - 00:00,128.43,277.44,36.4,54.46,58.65,50.75,9.06,20.28,1.52,,,,,,,,,
11-Dec-2020 - 00:00,168.43,368.95,68.77,83.38,100.42,56.3,8.83,19.55,1.58,,,,,,,,,
12-Dec-2020 - 00:00,242.38,393.98,42.26,47.02,59.47,53.54,3.12,10.17,1.46,,,,,,,,,
13-Dec-2020 - 00:00,101.05,174.57,11.51,24.92,22.64,43.49,1.42,19.85,0.83,,,,,,,,,
14-Dec-2020 - 00:00,86.49,155.26,4.65,22.25,15.62,37.74,7.82,30.64,0.71,,,,,,,,,
15-Dec-2020 - 00:00,107.96,207.89,8.21,32.89,24.19,36.09,13.89,25.26,0.94,,,,,,,,,
16-Dec-2020 - 00:00,99.97,195.06,8.12,30.22,22.7,39.81,2.36,23.4,1,,,,,,,,,
17-Dec-2020 - 00:00,125.4,223.74,10.13,29.19,23.59,40.87,1.49,26.55,1.31,,,,,,,,,
18-Dec-2020 - 00:00,130.41,256.59,13.13,46.18,35.27,35.22,4.06,32.24,1.21,,,,,,,,,
19-Dec-2020 - 00:00,129.54,254.08,10.54,47.47,33.85,38.43,5.78,34.69,1.13,,,,,,,,,
20-Dec-2020 - 00:00,177.89,336.77,13.91,55.95,41.09,43.31,8.13,33.78,1.21,,,,,,,,,
21-Dec-2020 - 00:00,179.28,347.86,29.99,64.5,58.75,48.53,14.43,30.12,1.37,,,,,,,,,
22-Dec-2020 - 00:00,299.76,530.33,108.25,71.2,126.12,55.75,12.8,26.64,2.14,,,,,,,,,
23-Dec-2020 - 00:00,288.74,501.85,105.49,69.52,122.97,56.54,7.01,27.29,1.87,,,,,,,,,
24-Dec-2020 - 00:00,244.43,432.17,50.1,60.89,73.22,58.51,5.65,26.11,1.67,,,,,,,,,
25-Dec-2020 - 00:00,162.54,328.86,22.29,58.38,49.21,53.46,5.05,31.09,1.24,,,,,,,,,
26-Dec-2020 - 00:00,251.79,468.34,83.26,71.16,105.73,49.8,6.39,13.08,1.95,,,,,,,,,
27-Dec-2020 - 00:00,210.99,459.89,67.95,63.4,89.11,47.84,8.63,30.55,1.36,,,,,,,,,
28-Dec-2020 - 00:00,108.55,331.25,12.25,43.05,32.86,39.81,5.61,26.15,1.04,,,,,,,,,
29-Dec-2020 - 00:00,127.41,317.32,14.09,43.94,34.87,44.79,4.72,25.69,1.21,,,,,,,,,
30-Dec-2020 - 00:00,159.07,270.78,12.62,34.64,28.71,46.35,2.8,19.52,1.15,,,,,,,,,
31-Dec-2020 - 00:00,245.83,333.24,43.49,42.54,58.09,46.55,3.71,14.47,1.79,,,,,,,,,
01-Jan-2021 - 00:00,323.21,422.5,66.83,48.17,80.1,44.01,5.92,14.84,2.18,,,,,,,,,
02-Jan-2021 - 00:00,378.25,507.48,41.36,61.51,66.44,43.69,8.41,12.88,2.13,,,,,,,,,
03-Jan-2021 - 00:00,171.44,244.78,43.5,38.53,55.97,41.35,7.11,10.33,1.16,,,,,,,,,
04-Jan-2021 - 00:00,85.82,141.45,27.75,33.84,40.63,33.24,6.18,14.61,1.09,,,,,,,,,
05-Jan-2021 - 00:00,64.98,116.48,15.84,30.34,29.06,31.56,5.49,10.13,1.05,,,,,,,,,
06-Jan-2021 - 00:00,129.73,195.25,17.38,28.9,29.55,28.6,5.09,10.45,1.12,,,,,,,,,
07-Jan-2021 - 00:00,111.73,182.65,7.64,19.31,16.5,24.08,2.71,16.99,0.91,,,,,,,,,
08-Jan-2021 - 00:00,128.78,231.91,13.96,28.27,26.42,21.89,15.21,13.67,0.96,,,,,,,,,
09-Jan-2021 - 00:00,128.64,213.18,11.94,21.79,21.33,22.03,6.66,13.01,1.02,,,,,,,,,
10-Jan-2021 - 00:00,116.44,183.1,5.85,18.23,14.47,24.61,2.23,22.97,1.14,,,,,,,,,
11-Jan-2021 - 00:00,119.59,187.03,6.25,23.98,17.85,25.15,2.44,23.58,1.27,,,,,,,,,
12-Jan-2021 - 00:00,167.41,248.58,22.54,31.4,35.08,27.08,3.12,18.03,1.5,,,,,,,,,
13-Jan-2021 - 00:00,212.17,340.45,77.07,35.36,81.64,26.39,5.13,20.24,1.69,,,,,,,,,
14-Jan-2021 - 00:00,298.38,463.85,79.12,56.2,94.4,29.01,9.05,17.32,1.96,,,,,,,,,
15-Jan-2021 - 00:00,386.82,563.36,74.93,60.11,93.06,32.41,10.01,27.2,2.3,,,,,,,,,
16-Jan-2021 - 00:00,187.97,263.69,9.88,28.86,23.42,28.36,3.2,16.32,2.47,,,,,,,,,
17-Jan-2021 - 00:00,201.88,291.73,13.19,38.63,31.31,25.88,5.18,23.3,1.43,,,,,,,,,
18-Jan-2021 - 00:00,245.27,408.01,48.82,44.51,63.48,26.27,10.03,19.69,1.98,,,,,,,,,
19-Jan-2021 - 00:00,190.52,306.46,40.56,27.7,47.81,24.68,3.62,15.53,1.32,,,,,,,,,
20-Jan-2021 - 00:00,128.7,209.14,4.16,21.15,14.64,21.33,1.49,24.37,1.1,,,,,,,,,
21-Jan-2021 - 00:00,143.51,258.74,41.91,38.16,54.47,21.27,4.43,32.05,1.61,,,,,,,,,
22-Jan-2021 - 00:00,223.51,356.5,71.42,41.72,80.42,24.16,5.93,9.39,1.5,,,,,,,,,
23-Jan-2021 - 00:00,158.65,288.76,29.34,54.05,52.67,21.62,5.78,20.04,1.26,,,,,,,,,
24-Jan-2021 - 00:00,194.15,362.3,23.41,31.46,35.82,23.61,5.03,7.28,0.61,,,,,,,,,
25-Jan-2021 - 00:00,133.74,263.76,28.44,24.9,36.43,21.98,4.69,29.41,0.98,,,,,,,,,
26-Jan-2021 - 00:00,167.5,330.18,13.35,31.63,27.71,21.57,9.08,43.93,0.7,,,,,,,,,
27-Jan-2021 - 00:00,170.59,366.69,19.27,46.25,40.3,20.68,13.17,34.34,1.04,,,,,,,,,
28-Jan-2021 - 00:00,262.07,543.85,79.91,57.56,95.76,23.6,20.19,25.26,1.5,,,,,,,,,
29-Jan-2021 - 00:00,181.71,331.5,19.25,44,39.11,21.65,11.72,28.42,0.83,,,,,,,,,
30-Jan-2021 - 00:00,199.39,323.11,22.72,50.22,45.23,21.06,16.51,36.5,0.93,,,,,,,,,
31-Jan-2021 - 00:00,227.96,387.76,47.77,55.06,68.23,23.22,14.64,38.71,1.36,,,,,,,,,
01-Feb-2021 - 00:00,257.04,470.83,98.88,69.99,117.85,28.14,19.79,44.04,1.91,,,,,,,,,
02-Feb-2021 - 00:00,258.9,481.12,50.56,68.12,77.46,26.18,24.62,40.5,0.85,,,,,,,,,
03-Feb-2021 - 00:00,219.48,372.44,11.46,56.17,39.22,25.14,12.91,31.34,1.06,,,,,,,,,
04-Feb-2021 - 00:00,145.08,252.76,4.84,29.88,19.84,26.48,11.63,31.4,0.87,,,,,,,,,
05-Feb-2021 - 00:00,85.45,156.6,17.91,33.45,32.4,22.28,8.97,28.01,0.73,,,,,,,,,
06-Feb-2021 - 00:00,128.1,214.18,7.49,33.01,23.67,20.49,15.86,27.63,0.67,,,,,,,,,
07-Feb-2021 - 00:00,161.44,258.66,9.1,35.08,26.08,19.88,13.62,33.31,1.05,,,,,,,,,
08-Feb-2021 - 00:00,223.48,366.59,29.66,50.3,53.22,21.74,16.36,33.23,1.43,,,,,,,,,
09-Feb-2021 - 00:00,187.94,343.79,31.09,53.73,53.58,23.3,21.33,29.41,1.44,,,,,,,,,
10-Feb-2021 - 00:00,222.42,419.88,51.56,69.63,79.07,25.01,20.25,43.81,1.95,,,,,,,,,
11-Feb-2021 - 00:00,214.65,371.66,32.26,52.28,54.1,25.77,16.82,32.01,1.23,,,,,,,,,
12-Feb-2021 - 00:00,256.01,425.53,52.3,47.91,68.12,25.54,16.79,28.73,1.7,,,,,,,,,
13-Feb-2021 - 00:00,194.94,311.42,58.98,46.89,73.03,25.6,9.51,37.09,1.98,,,,,,,,,
14-Feb-2021 - 00:00,205.66,397.46,104.82,51.98,113.13,22.05,11.47,48.17,1.54,,,,,,,,,
15-Feb-2021 - 00:00,206.49,369.98,97.31,57.25,109.8,24.48,14.42,38.34,2.01,,,,,,,,,
16-Feb-2021 - 00:00,198.64,402.84,62.99,57.48,81.92,29.96,17.38,44.36,1.74,,,,,,,,,
17-Feb-2021 - 00:00,172.9,340.83,38.62,51.17,58.71,25.94,14.85,29.61,1.56,,,,,,,,,
18-Feb-2021 - 00:00,182.18,352.38,135.3,53.88,138.97,24.23,11.72,32.15,2.39,,,,,,,,,
19-Feb-2021 - 00:00,181.56,314.9,26.46,45.55,45.8,25.27,10.34,17.9,1.26,,,,,,,,,
20-Feb-2021 - 00:00,127.86,228.83,13.16,39.13,31.54,22.39,11.95,23.04,1.43,,,,,,,,,
21-Feb-2021 - 00:00,221.11,373.3,14.36,45.75,36.01,21.07,21.74,31.69,1.45,,,,,,,,,
22-Feb-2021 - 00:00,213.81,385.34,22.09,46.53,42.75,21.09,26.1,27.63,1.28,,,,,,,,,
23-Feb-2021 - 00:00,209.41,402.42,73.76,58.92,90.15,20.34,37.54,30.62,1.85,,,,,,,,,
24-Feb-2021 - 00:00,236.2,449.18,68.66,57.67,86.65,22.34,39.93,32.39,1.14,,,,,,,,,
25-Feb-2021 - 00:00,204.31,392.94,50.93,43.66,66.96,21.44,28.4,28.39,1.21,,,,,,,,,
26-Feb-2021 - 00:00,131.67,305.25,39.68,20.94,60.62,28.95,7.78,13.67,1.19,,,,,,,,,
27-Feb-2021 - 00:00,98.25,324,36.51,23.84,60.34,29.52,6.73,15.27,0.98,,,,,,,,,
28-Feb-2021 - 00:00,87.74,283.22,6.48,21.1,27.57,33.25,6.98,17.92,0.83,,,,,,,,,
01-Mar-2021 - 00:00,86.85,246.62,5.55,18.41,23.96,32.63,5.87,18.98,1,,,,,,,,,
02-Mar-2021 - 00:00,93.4,239.15,1.95,11.45,13.4,29.65,6.91,25.55,0.88,,,,,,,,,
03-Mar-2021 - 00:00,134.73,305.75,36.66,21.17,57,28.32,11.17,21.33,1.27,,,,,,,,,
04-Mar-2021 - 00:00,187.34,449.99,96.61,35.04,131.65,33.09,10.57,31.66,1.58,,,,,,,,,
05-Mar-2021 - 00:00,138.36,315.92,12.85,17.18,30.04,31.71,9.37,23.04,0.83,,,,,,,,,
06-Mar-2021 - 00:00,126.21,280.18,36.41,18.46,54.85,28.75,7.78,22.09,1.14,,,,,,,,,
07-Mar-2021 - 00:00,152.26,371.96,34.55,27.97,62.47,33,9.97,33.57,1.41,,,,,,,,,
08-Mar-2021 - 00:00,125.22,312.38,8.39,21.36,29.74,32.33,7.38,21.39,1.09,,,,,,,,,
09-Mar-2021 - 00:00,161.03,395.22,7.39,20.73,28.12,32.89,7.75,24.7,1.15,,,,,,,,,
10-Mar-2021 - 00:00,92.88,254.08,11.61,22.67,34.24,31.25,9.15,18.68,1.03,,,,,,,,,
11-Mar-2021 - 00:00,124.18,329.48,68.88,48.82,91.34,23.69,19.66,36.07,1.21,,,,,,,,,
12-Mar-2021 - 00:00,110.27,348,27.99,48.44,48.58,22.72,15.79,30.88,1.07,,,,,,,,,
13-Mar-2021 - 00:00,158.57,308.79,18.7,37.78,35.35,23.04,29.02,37.84,1.11,,,,,,,,,
14-Mar-2021 - 00:00,142.97,273.93,4.81,30.55,20.17,21.42,36.52,41.44,0.89,,,,,,,,,
15-Mar-2021 - 00:00,129.22,285.72,8.17,33.74,24.6,20.18,26.29,32,0.89,,,,,,,,,
16-Mar-2021 - 00:00,140.48,381.08,10.47,31.07,25.04,19.53,32.25,21.77,1.43,,,,,,,,,
17-Mar-2021 - 00:00,133.27,415.83,15.85,35.93,32.04,20.99,30.4,28.71,0.95,,,,,,,,,
18-Mar-2021 - 00:00,137.09,425.05,25.3,39.96,41.88,21.67,30.48,28.05,0.79,,,,,,,,,
19-Mar-2021 - 00:00,111.38,331.68,8.51,33.21,24.6,21.63,23.28,33.74,0.94,,,,,,,,,
20-Mar-2021 - 00:00,141.3,318.79,18.46,37.99,35.25,23.51,33.34,37.1,1.12,,,,,,,,,
21-Mar-2021 - 00:00,188.35,419.09,22,39.69,38.65,30.41,61.78,50.12,1.32,,,,,,,,,
22-Mar-2021 - 00:00,80.92,287.12,5.86,32.6,22.12,31.92,17.98,30.35,0.99,,,,,,,,,
23-Mar-2021 - 00:00,85.45,331.48,25.4,42.88,43.51,35.11,16.3,16.87,0.97,,,,,,,,,
24-Mar-2021 - 00:00,95.84,292.94,10.61,35.43,27.46,36.61,24.3,42.73,0.44,,,,,,,,,
25-Mar-2021 - 00:00,71.98,190.05,3.57,24.6,15.99,35.05,15.06,35.4,0.45,,,,,,,,,
26-Mar-2021 - 00:00,93.76,205.41,6.52,34.38,23.56,33.69,22.87,42.58,0.38,,,,,,,,,
27-Mar-2021 - 00:00,146.23,310.22,24.11,54.62,48.72,34.47,40.25,46.5,0.77,,,,,,,,,
28-Mar-2021 - 00:00,87.45,285.6,43.93,39.59,56.21,34.69,17.39,63.21,1.11,,,,,,,,,
29-Mar-2021 - 00:00,,,,,,,,,,,,,,,,,,
30-Mar-2021 - 00:00,71.36,495.02,3.49,10.06,7.55,36.77,9.68,55,0.73,,,,,,,,,
31-Mar-2021 - 00:00,58.76,236.47,3.95,17.99,12.74,33.85,15.47,54.2,0.21,,,,,,,,,
01-Apr-2021 - 00:00,76.83,189.53,5.71,32.15,21.27,26.87,49.39,33.28,0.45,,,,,,,,,
02-Apr-2021 - 00:00,91.88,229.97,8.02,41.13,28.42,25.4,34.91,36.75,0.63,,,,,,,,,
03-Apr-2021 - 00:00,76.15,237.41,31.72,48.66,51.55,27.08,22.67,40.8,0.72,,,,,,,,,
04-Apr-2021 - 00:00,100.39,265.74,12.71,43.77,33.65,30.18,34.45,47.5,0.59,,,,,,,,,
05-Apr-2021 - 00:00,83.01,263.82,15.42,49.91,39.12,35.73,28.85,73.52,0.81,,,,,,,,,
06-Apr-2021 - 00:00,162.33,431.07,17.14,50.21,40.67,46.07,36.8,74.61,1.05,,,,,,,,,
07-Apr-2021 - 00:00,67.57,257.51,4.92,26.25,17.97,43.46,15.94,68.71,0.51,,,,,,,,,
08-Apr-2021 - 00:00,62.12,185.23,6.39,37.2,25,34.89,18.74,58.13,0.59,,,,,,,,,
09-Apr-2021 - 00:00,72.21,240.77,10.77,45.82,33.16,38.77,24.16,58.43,0.59,,,,,,,,,
10-Apr-2021 - 00:00,81.49,259.46,12.11,45.75,34.22,38.68,31.24,55.78,0.52,,,,,,,,,
11-Apr-2021 - 00:00,86.07,295.28,7.6,43.36,29.25,35.71,29.03,55.88,0.54,,,,,,,,,
12-Apr-2021 - 00:00,120.6,354.88,19.33,51.42,43.1,38.66,34.19,58.83,0.73,,,,,,,,,
13-Apr-2021 - 00:00,111.47,327.01,17.36,47.28,39.31,38.16,39.88,50.5,0.7,,,,,,,,,
14-Apr-2021 - 00:00,68.02,270.93,5.99,35.11,23.56,32.56,22.69,54.9,0.46,,,,,,,,,
15-Apr-2021 - 00:00,109.5,349.16,14.19,43.58,34.74,30.53,39.02,51.97,0.63,,,,,,,,,
16-Apr-2021 - 00:00,99.02,354.33,18.28,45.27,38.98,31.99,28.94,50.46,0.53,,,,,,,,,
17-Apr-2021 - 00:00,52.34,164.93,8.14,18.11,16.27,40.11,11.82,46.64,0.42,,,,,,,,,
18-Apr-2021 - 00:00,83.34,237.33,11.47,29.47,25.03,40.64,29.52,57.49,0.48,,,,,,,,,
19-Apr-2021 - 00:00,89.41,293.23,10.47,44.03,31.95,35.71,24.2,52.77,0.6,,,,,,,,,
20-Apr-2021 - 00:00,69.59,260.22,5.46,25.64,18.08,36.15,21.44,62.45,0.44,,,,,,,,,
21-Apr-2021 - 00:00,61.83,168.65,4.12,11.54,9.51,39.81,13.53,57.21,0.39,,,,,,,,,
22-Apr-2021 - 00:00,63.23,195.05,11.67,27.11,23.95,37.94,17.02,68.24,0.4,,,,,,,,,
23-Apr-2021 - 00:00,61.93,207.12,5.64,17.38,13.85,35.56,15.45,55.97,0.53,,,,,,,,,
24-Apr-2021 - 00:00,69.07,197.89,9.76,25.6,21.58,31.79,14.48,64.6,0.58,,,,,,,,,
25-Apr-2021 - 00:00,119.35,277.68,6.12,33.77,22.94,32.55,30.62,67.67,0.62,,,,,,,,,
26-Apr-2021 - 00:00,186.66,379.16,18.07,48.94,40.77,31.36,45.28,74.25,0.85,,,,,,,,,
27-Apr-2021 - 00:00,232.85,480.52,35.5,59.26,60.47,33.3,41.86,73.44,1.15,,,,,,,,,
28-Apr-2021 - 00:00,234.17,494.02,15.38,52.83,40.64,33.76,46.36,67.9,0.9,,,,,,,,,
29-Apr-2021 - 00:00,189.76,482.12,14.28,40.54,33.19,31.11,35.74,67.32,0.83,,,,,,,,,
30-Apr-2021 - 00:00,152.67,431.82,17.27,33.73,32.03,31.61,34.71,68.57,0.9,,,,,,,,,
01-May-2021 - 00:00,92.67,288.14,8.73,32.54,24.42,34.08,19.09,74.45,0.61,,,,,,,,,
02-May-2021 - 00:00,121.53,307.41,6.86,30.71,21.92,40.21,26.79,58.52,0.66,,,,,,,,,
03-May-2021 - 00:00,128.8,355.52,6.36,25.74,18.88,37.02,27.36,50.55,0.51,,,,,,,,,
04-May-2021 - 00:00,85.41,228.84,11.47,29.69,25.15,35.57,19.93,52.58,0.62,,,,,,,,,
05-May-2021 - 00:00,76.43,228.21,5.9,23.06,17.08,37.76,19.03,77.87,0.82,,,,,,,,,
06-May-2021 - 00:00,67.62,215.57,10.33,24.05,21.22,48.76,16.47,57.58,0.62,,,,,,,,,
07-May-2021 - 00:00,58.86,148.76,6.24,29.58,20.82,55.33,12.6,64.02,0.55,,,,,,,,,
08-May-2021 - 00:00,93.93,217.67,23.31,46.14,43.55,56.2,16.91,76.71,0.83,,,,,,,,,
09-May-2021 - 00:00,71.39,169.44,5.13,22.61,16.18,57.08,19.73,79.02,0.64,,,,,,,,,
10-May-2021 - 00:00,64.06,166.26,8.04,41.45,28.17,40.07,12.26,71.32,1.35,,,,,,,,,
11-May-2021 - 00:00,82.95,197.59,6.74,25.67,19.15,69.18,14.92,78.3,0.65,,,,,,,,,
12-May-2021 - 00:00,44.2,178.83,11.16,26.35,23.12,59.94,12.15,60.77,0.65,,,,,,,,,
13-May-2021 - 00:00,54.39,123.36,6.42,16.4,13.96,59.22,11.17,54.86,0.72,,,,,,,,,
14-May-2021 - 00:00,73.8,162.66,6.13,22.34,16.88,66.97,15.25,60.83,0.69,,,,,,,,,
15-May-2021 - 00:00,49.88,203.79,10.4,26.29,22.47,53.27,11.1,54.74,0.74,,,,,,,,,
16-May-2021 - 00:00,77.79,182.1,23.69,32.01,36.34,46.09,23.33,79.23,1.17,,,,,,,,,
17-May-2021 - 00:00,108.48,251.95,19.52,56.03,45.71,42.97,19.86,53.78,0.93,,,,,,,,,
18-May-2021 - 00:00,25.77,82.27,14.15,26.95,25.87,44.9,6.61,35.66,0.55,,,,,,,,,
19-May-2021 - 00:00,40.06,74.22,6.88,12.2,12.05,51.79,6.85,36.24,0.46,,,,,,,,,
20-May-2021 - 00:00,33.45,73.8,7.25,11.73,10.92,67.54,5.64,55.53,0.8,,,,,,,,,
21-May-2021 - 00:00,27.66,59.75,10.62,18.61,18.33,60.02,6.36,55.44,0.7,,,,,,,,,
22-May-2021 - 00:00,29.67,69.83,6.08,15.98,13.33,47.52,8.34,70.97,0.67,,,,,,,,,
23-May-2021 - 00:00,115.66,343.86,6.09,11.9,11.3,40.22,9.89,57.83,0.5,,,,,,,,,
24-May-2021 - 00:00,50.65,158.79,4.28,14.11,10.99,35.12,11.57,79.7,0.49,,,,,,,,,
25-May-2021 - 00:00,49.07,161.12,4.08,19.63,13.77,30.01,16.5,91.45,0.59,,,,,,,,,
26-May-2021 - 00:00,69.27,180.69,23.31,41.46,41.06,27.57,19.18,59.62,0.67,,,,,,,,,
27-May-2021 - 00:00,56.17,189.64,14.8,34,30.16,30.72,12.57,62.75,0.65,,,,,,,,,
28-May-2021 - 00:00,27.53,113.22,9.77,32.48,25.24,36.1,6.65,53.11,0.62,,,,,,,,,
29-May-2021 - 00:00,17.19,104.9,10.38,31.38,25.16,43.3,5.81,45.79,0.54,,,,,,,,,
30-May-2021 - 00:00,22.35,142.51,8.54,24.38,19.93,43.85,5.31,52.36,0.41,,,,,,,,,
31-May-2021 - 00:00,58.64,205.81,14.9,39.42,33.11,38.73,16.57,39.51,0.67,,,,,,,,,
01-Jun-2021 - 00:00,24.81,76.33,6.98,20.9,16.82,31.8,5.39,55.1,0.43,,,,,,,,,
02-Jun-2021 - 00:00,52.26,141.03,8.97,29.05,22.76,33.19,12.35,49.44,0.53,,,,,,,,,
03-Jun-2021 - 00:00,76.83,208.64,5.59,30.93,21.01,36.01,15.23,71.45,0.6,,,,,,,,,
04-Jun-2021 - 00:00,75.32,205.31,4.5,25.3,17.13,40.34,13.51,63.33,0.48,,,,,,,,,
05-Jun-2021 - 00:00,44.3,125.96,13.33,43.47,33.55,46.15,10.66,47.58,0.63,,,,,,,,,
06-Jun-2021 - 00:00,45.2,183.31,16.4,37.61,33.38,41.07,9.79,51.87,0,,,,,,,,,
07-Jun-2021 - 00:00,67.3,238.21,13.13,36.75,30.25,43.61,14.68,61.92,0,,,,,,,,,
08-Jun-2021 - 00:00,85.52,436.3,8.36,29.87,22.7,43.88,13.19,33.73,0,,,,,,,,,
09-Jun-2021 - 00:00,61.48,422.58,7.42,23.14,18.36,45.29,10.77,41.74,0.41,,,,,,,,,
10-Jun-2021 - 00:00,56.4,258.48,9.58,39.1,28.61,43.88,8.39,65.96,0.77,,,,,,,,,
11-Jun-2021 - 00:00,39.42,200.92,12.9,32.9,28.02,43.4,7.56,67.42,0.6,,,,,,,,,
12-Jun-2021 - 00:00,36.88,114.11,11.23,29.73,24.97,45.46,6.85,55.89,0.57,,,,,,,,,
13-Jun-2021 - 00:00,42.58,106.64,8.09,25.91,20.38,43.15,9.09,52.66,1.33,,,,,,,,,
14-Jun-2021 - 00:00,50.93,155.8,8.24,23.71,19.34,41.01,11.2,68.55,1.13,,,,,,,,,
15-Jun-2021 - 00:00,35.41,143.48,12.7,29.11,25.84,40.1,7.72,54.97,1.16,,,,,,,,,
16-Jun-2021 - 00:00,46.56,139.54,5.75,25.33,18.16,36.49,10.44,63.56,1.74,,,,,,,,,
17-Jun-2021 - 00:00,51.72,146.25,8.76,26.49,21.24,37.31,9.96,56.94,1.27,,,,,,,,,
18-Jun-2021 - 00:00,39.89,104.71,7.82,20,17.01,40.4,9.71,49.34,1.08,,,,,,,,,
19-Jun-2021 - 00:00,29.78,106.41,4.54,13.13,10.69,39.01,11.79,47.62,1.26,,,,,,,,,
20-Jun-2021 - 00:00,23.28,88.36,4.43,9.89,8.88,26.37,7.29,51.43,1.59,,,,,,,,,
21-Jun-2021 - 00:00,38.76,112.19,8.55,23.94,19.72,21.2,11.39,61.67,1.76,,,,,,,,,
22-Jun-2021 - 00:00,59.69,220.4,9.47,35.84,26.79,20.63,15.53,67.08,1.5,,,,,,,,,
23-Jun-2021 - 00:00,96.71,347.46,10.5,38.1,28.84,22.71,32.86,72.99,1.52,,,,,,,,,
24-Jun-2021 - 00:00,55.17,157.35,8.03,37.45,26.47,22.23,10.49,75.07,1.45,,,,,,,,,
25-Jun-2021 - 00:00,56.83,202.54,5.65,27.94,19.46,20.41,18.27,70.81,1.58,,,,,,,,,
26-Jun-2021 - 00:00,40.08,159,4.38,29.57,19.3,19.43,17.33,62.53,1.6,,,,,,,,,
27-Jun-2021 - 00:00,82.21,257.88,6.66,33.72,23.32,19.51,21.4,83.82,1.48,,,,,,,,,
28-Jun-2021 - 00:00,82.79,246.83,14.94,42.91,35,19.59,16.55,78.48,1.57,,,,,,,,,
29-Jun-2021 - 00:00,84.53,278.54,6.68,39.5,26.45,20.07,20.88,74.88,1.51,,,,,,,,,
30-Jun-2021 - 00:00,81.97,431.23,3.27,23.9,15.38,20.27,19.34,45.4,1.25,,,,,,,,,
01-Jul-2021 - 00:00,44.71,289.04,6.13,19.31,15.27,23.42,9.92,41.04,1.19,,,,,,,,,
02-Jul-2021 - 00:00,57.19,339.29,4.97,22.96,16.27,25.47,10.78,44.31,1.28,,,,,,,,,
03-Jul-2021 - 00:00,33.52,140.45,7.22,27.71,20.61,22.8,5.99,51.42,1.23,,,,,,,,,
04-Jul-2021 - 00:00,58.19,196.59,20.7,37.81,36.99,22.74,16.59,67.56,1.45,,,,,,,,,
05-Jul-2021 - 00:00,65.81,201.54,4.99,25.03,17.39,22.75,18.48,58.17,1.36,,,,,,,,,
06-Jul-2021 - 00:00,47.12,203.86,3.18,22.37,14.46,23.02,10.9,65.66,1.41,,,,,,,,,
07-Jul-2021 - 00:00,75.33,236.75,3.96,28.74,18.47,23.45,22.41,56.7,1.52,,,,,,,,,
08-Jul-2021 - 00:00,57.46,249.96,4.28,23.52,16.01,22.74,15.53,46.65,1.28,,,,,,,,,
09-Jul-2021 - 00:00,45.12,140.42,6.57,30.36,21.51,22.55,14.83,71.04,1.51,,,,,,,,,
10-Jul-2021 - 00:00,38.46,127.25,9.73,28.82,23.26,22.69,11.9,58.51,1.46,,,,,,,,,
11-Jul-2021 - 00:00,41.96,121.96,9.67,25.25,21.31,21.37,9.63,64.86,1.45,,,,,,,,,
12-Jul-2021 - 00:00,35.9,114.56,13.38,30.23,26.98,20.55,13.21,46.06,1.62,,,,,,,,,
13-Jul-2021 - 00:00,34.35,94.02,11.74,27.55,24.23,20.74,9.33,39.75,1.66,,,,,,,,,
14-Jul-2021 - 00:00,40.23,106.8,10.59,29.8,24.49,21.7,9.43,38.96,1.76,,,,,,,,,
15-Jul-2021 - 00:00,42.4,127.53,8.01,21.77,18.12,22.74,10.57,58.08,1.19,,,,,,,,,
16-Jul-2021 - 00:00,47.13,128.57,7.43,23.27,18.44,26.49,10.03,76.71,1.4,,,,,,,,,
17-Jul-2021 - 00:00,61.04,147.12,9.38,30.77,24.01,27.96,8.96,86.95,1.67,,,,,,,,,
18-Jul-2021 - 00:00,37.79,123.46,8.69,32.6,24.42,23.74,5.81,69.56,1.48,,,,,,,,,
19-Jul-2021 - 00:00,14.73,37.07,5.48,23.99,17.23,22.31,3.55,45.44,2.2,,,,,,,,,
20-Jul-2021 - 00:00,23.5,95.25,9.12,27.98,22.05,31.78,5.4,49.15,2.54,,,,,,,,,
21-Jul-2021 - 00:00,33.28,102.28,12.63,30.76,26.45,36.5,5.89,57.08,1.6,,,,,,,,,
22-Jul-2021 - 00:00,23.94,72.83,5.95,14.11,12.36,33.79,5.63,53.65,1.53,,,,,,,,,
23-Jul-2021 - 00:00,36.21,103.7,9.91,29.79,23.93,28.81,5.38,60.32,1.46,,,,,,,,,
24-Jul-2021 - 00:00,51,144.61,9.02,32.86,24.83,26.98,7.69,73.06,2.63,,,,,,,,,
25-Jul-2021 - 00:00,41.07,126.39,7.89,24.73,19.59,26.32,7.04,71.19,1.18,,,,,,,,,
26-Jul-2021 - 00:00,50.71,122.1,6.34,27.76,19.93,26.96,5.9,77.85,1.18,,,,,,,,,
27-Jul-2021 - 00:00,43.11,92.84,6.58,24.91,18.63,28.73,6.6,58,1.34,,,,,,,,,
28-Jul-2021 - 00:00,16.84,43.55,6.27,20.4,15.97,25.29,4.05,36.91,1.27,,,,,,,,,
29-Jul-2021 - 00:00,22.1,68.64,8.3,19.62,17.21,23.77,4.66,36.27,1.26,,,,,,,,,
30-Jul-2021 - 00:00,26.3,61.35,7,23.67,18.29,22.98,4.43,41.1,1.34,,,,,,,,,
31-Jul-2021 - 00:00,26.35,100.94,15.98,24.02,25.81,22.29,5,43.76,1.47,,,,,,,,,
01-Aug-2021 - 00:00,28.92,93.88,14.33,27.03,26.06,22.01,4.05,38.86,1.36,,,,,,,,,
02-Aug-2021 - 00:00,46.88,118.39,14.64,30.84,28.34,22.49,7.02,43.5,1.62,,,,,,,,,
03-Aug-2021 - 00:00,31.34,100.62,6.23,22.34,16.96,22.5,5.67,35.82,1.24,,,,,,,,,
04-Aug-2021 - 00:00,25.18,91.75,6.23,23.81,17.74,21.83,5.54,34.09,1.3,,,,,,,,,
05-Aug-2021 - 00:00,38.19,131.6,6.6,23.83,18.07,21.76,9.7,40.1,1.38,,,,,,,,,
06-Aug-2021 - 00:00,42.15,130.64,7.55,24.65,19.28,22.09,7.14,44.11,1.26,,,,,,,,,
07-Aug-2021 - 00:00,41.36,112.2,9.67,29.93,23.81,21.48,8.5,39.53,1.43,,,,,,,,,
08-Aug-2021 - 00:00,35.8,82.86,6.69,26.5,19.56,20.01,8.05,34.72,1.39,,,,,,,,,
09-Aug-2021 - 00:00,57.24,126.69,12.37,37.77,30.18,17.95,7.12,48.57,1.54,,,,,,,,,
10-Aug-2021 - 00:00,38.71,156.47,6.36,25.4,18.69,12.62,5.25,42.91,1.21,,,,,,,,,
11-Aug-2021 - 00:00,32.48,144.59,6.12,20.01,15.64,9.96,6.14,29.97,1.37,,,,,,,,,
12-Aug-2021 - 00:00,33.74,164.59,9.45,24.11,20.53,9.59,7.02,29.55,1.37,,,,,,,,,
13-Aug-2021 - 00:00,34.29,183.49,10.8,23.11,21.1,9.2,5.77,31.05,1.24,,,,,,,,,
14-Aug-2021 - 00:00,33.82,191.38,4.02,17.95,12.84,8.9,5.11,32.57,1.37,,,,,,,,,
15-Aug-2021 - 00:00,32.72,154.7,3.36,15.47,10.97,8.46,7.81,35.59,1.34,,,,,,,,,
16-Aug-2021 - 00:00,40.25,208.4,6.97,19.64,16.14,8.68,6.74,39.95,0.9,,,,,,,,,
17-Aug-2021 - 00:00,52.16,215.06,9.83,24.03,20.8,11.11,6.52,48.96,0.51,,,,,,,,,
18-Aug-2021 - 00:00,63.76,219.31,15.05,29.49,27.96,10.05,9.04,52.61,0.68,,,,,,,,,
19-Aug-2021 - 00:00,80.25,242.67,21.85,34.51,36.18,9.58,9.45,55.05,0.66,,,,,,,,,
20-Aug-2021 - 00:00,43.01,123.85,12.19,25.47,23.49,8.89,6.28,37.39,0.45,,,,,,,,,
21-Aug-2021 - 00:00,25.14,60.12,5.92,13.64,12,10.99,4.89,41.94,0.75,,,,,,,,,
22-Aug-2021 - 00:00,33.93,60.95,13.76,23.08,23.49,11.66,4.09,49.76,0.5,,,,,,,,,
23-Aug-2021 - 00:00,43.23,91.61,10.31,29.8,24.24,10.75,3.8,69.87,0.9,,,,,,,,,
24-Aug-2021 - 00:00,48.75,106.67,13.83,26.46,25.36,13.66,3.16,63.06,1.71,,,,,,,,,
25-Aug-2021 - 00:00,35.92,133.17,10.7,21.02,19.92,10.71,3.18,48.67,2.21,,,,,,,,,
26-Aug-2021 - 00:00,28.83,135.29,7.6,16.46,14.95,9.12,5.03,38.79,3.36,,,,,,,,,
27-Aug-2021 - 00:00,37.93,181.92,8.42,22.71,18.96,9.29,5.44,41.76,1.07,,,,,,,,,
28-Aug-2021 - 00:00,44.12,158.31,10.03,26.25,22.14,14.37,4.72,48.43,1.52,,,,,,,,,
29-Aug-2021 - 00:00,56.84,152.48,13.25,26.53,24.92,22.95,5.02,54.29,1.67,,,,,,,,,
30-Aug-2021 - 00:00,26.46,74.06,9.59,15.49,16.06,26.74,6.33,45.32,2.11,,,,,,,,,
31-Aug-2021 - 00:00,23.11,56.5,14.51,17.31,21.05,23.32,4.87,37.86,1.87,,,,,,,,,
01-Sep-2021 - 00:00,25.06,64.4,8.15,17.56,15.99,21.79,4.64,32.61,1.27,,,,,,,,,
02-Sep-2021 - 00:00,28.21,65.65,11.28,19.92,19.79,20.63,4.08,45.1,1.94,,,,,,,,,
03-Sep-2021 - 00:00,26,72.54,10.97,25.1,22.29,19.73,4.26,54.56,1.28,,,,,,,,,
04-Sep-2021 - 00:00,25.17,63,22.88,34.31,36.9,21.52,4.19,46.78,1.72,,,,,,,,,
05-Sep-2021 - 00:00,65.33,137.88,27.45,37.33,42.23,22.27,4.85,69.82,1.49,,,,,,,,,
06-Sep-2021 - 00:00,61.92,139.08,14.43,35.56,30.68,22.87,5.92,67.05,1.32,,,,,,,,,
07-Sep-2021 - 00:00,51.54,123.04,12.27,26.26,23.98,25.15,6.93,58.46,1.39,,,,,,,,,
08-Sep-2021 - 00:00,25.38,70.96,10.91,20.28,19.69,26.29,3.73,43.58,1.36,,,,,,,,,
09-Sep-2021 - 00:00,31.79,91.12,9.05,23.76,20.03,24.55,3.74,44.18,1.32,,,,,,,,,
10-Sep-2021 - 00:00,34.67,86.54,10.22,22.26,20.18,22.33,4.1,42.66,1.35,,,,,,,,,
11-Sep-2021 - 00:00,17.71,47.75,6.68,17.45,14.73,20.49,4.04,35.31,1.25,,,,,,,,,
12-Sep-2021 - 00:00,25.38,67.83,6.32,22.1,16.91,19.59,4.64,49.36,1.28,,,,,,,,,
13-Sep-2021 - 00:00,33.25,127.96,7.98,22.02,18.22,18.96,6.38,40.53,1.34,,,,,,,,,
14-Sep-2021 - 00:00,33.54,120,5.6,18.04,14.16,20.32,8.42,37.62,1.45,,,,,,,,,
15-Sep-2021 - 00:00,28.92,103.29,22.59,29.27,33.99,20.08,7.1,39.13,1.38,,,,,,,,,
16-Sep-2021 - 00:00,40.3,97.81,30.83,30.64,41.44,21.36,4.89,30.19,1.43,,,,,,,,,
17-Sep-2021 - 00:00,30.31,106.7,5.21,18.16,13.89,23.99,6.04,30,0.7,,,,,,,,,
18-Sep-2021 - 00:00,29.97,90.14,7.1,19.83,16.34,23.79,4.95,39.71,1.03,,,,,,,,,
19-Sep-2021 - 00:00,37.07,105.01,16.67,30.5,29.81,24.07,5.6,43.2,0.98,,,,,,,,,
20-Sep-2021 - 00:00,37.38,114.73,23.83,36.69,38.94,21.76,4.36,52.6,1,,,,,,,,,
21-Sep-2021 - 00:00,48.04,131.58,20.93,33.12,34.69,24.02,5.26,45.83,1.04,,,,,,,,,
22-Sep-2021 - 00:00,24.31,69.99,10.52,22.26,20.42,23.64,3.91,39.66,0.93,,,,,,,,,
23-Sep-2021 - 00:00,24.65,74.07,11.28,27.67,23.91,21.62,4.03,40.74,0.92,,,,,,,,,
24-Sep-2021 - 00:00,27.09,83.26,8.8,21.86,18.77,19.85,6.11,39.95,1.18,,,,,,,,,
25-Sep-2021 - 00:00,26.3,82.48,4.35,17.68,12.95,20.51,6.01,48.18,1.57,,,,,,,,,
26-Sep-2021 - 00:00,26.35,71.3,6.39,15.89,13.66,21.67,5.01,49.03,1.18,,,,,,,,,
27-Sep-2021 - 00:00,65.57,173.5,3.73,27.6,17.72,21.34,11.93,68.96,1.25,,,,,,,,,
28-Sep-2021 - 00:00,46.58,129.54,10.66,26.79,22.93,21.88,8.35,47.04,1.1,,,,,,,,,
29-Sep-2021 - 00:00,39.88,115.58,14.9,31.55,28.93,26.53,9.54,41.62,1.39,,,,,,,,,
30-Sep-2021 - 00:00,44.83,128.17,20.29,38.07,36.79,25.06,6.62,51.03,1.23,,,,,,,,,
01-Oct-2021 - 00:00,60.75,166.92,24.06,42.58,42.26,24.74,6.39,54.05,1.23,,,,,,,,,
02-Oct-2021 - 00:00,65.83,149.08,23.93,27.25,34,25.74,6.14,50.13,1.35,,,,,,,,,
03-Oct-2021 - 00:00,39.62,91.54,6.22,20.81,16.14,25.69,5.11,47.35,1.28,,,,,,,,,
04-Oct-2021 - 00:00,37.04,112.34,14.86,26.4,26.16,23.03,7.33,33.34,0.99,,,,,,,,,
05-Oct-2021 - 00:00,35.5,109.98,11.91,28.63,24.94,20.3,8.1,42.44,1.11,,,,,,,,,
06-Oct-2021 - 00:00,46.31,115.4,7.18,23.06,18.13,21.12,7.46,44.89,1.22,,,,,,,,,
07-Oct-2021 - 00:00,72.39,171.72,6.09,33.31,22.68,22.49,7.72,51.17,1.25,,,,,,,,,
08-Oct-2021 - 00:00,81.65,206.33,8.15,40.03,27.93,21.61,8.43,45.82,1.36,,,,,,,,,
09-Oct-2021 - 00:00,89.82,236.48,16.09,47.57,38.42,21.71,12.34,36.43,1.27,,,,,,,,,
10-Oct-2021 - 00:00,77.56,195.81,43.3,38.1,55.57,22.94,10.88,33.87,1.39,,,,,,,,,
11-Oct-2021 - 00:00,77.34,228.62,66.73,42.54,77.03,26.09,11.21,27.4,1.27,,,,,,,,,
12-Oct-2021 - 00:00,76.31,231.4,54.67,39.12,65.38,27.82,9.87,33.24,1.42,,,,,,,,,
13-Oct-2021 - 00:00,84.9,246.32,4.47,37,23.33,31.29,10.48,54.05,1.26,,,,,,,,,
14-Oct-2021 - 00:00,74.46,197.67,4.67,41.16,25.71,28.34,7.5,48.67,1.2,,,,,,,,,
15-Oct-2021 - 00:00,93.75,197.38,6.76,40.81,27.21,29.39,8.49,52.88,1.34,,,,,,,,,
16-Oct-2021 - 00:00,178.91,345.74,9.28,67.65,43.47,35.52,7.65,26.32,1.26,,,,,,,,,
17-Oct-2021 - 00:00,193.3,296.18,11.13,32.59,26.41,45.18,5.21,24.78,1.33,,,,,,,,,
18-Oct-2021 - 00:00,19.41,78.18,8.41,24.51,19.63,42.56,6.69,25.95,1.04,,,,,,,,,
19-Oct-2021 - 00:00,80.43,138.69,3.49,38.39,23.22,42.01,4.47,55.79,1.27,,,,,,,,,
20-Oct-2021 - 00:00,117.45,206.27,5.32,47.44,29.58,40.69,11.11,50.9,1.23,,,,,,,,,
21-Oct-2021 - 00:00,85.19,220.2,11.87,52.76,37.74,37.01,13.94,40.38,1.16,,,,,,,,,
22-Oct-2021 - 00:00,84.82,212.12,15.51,49.52,38.97,47.07,14.5,34.43,1.17,,,,,,,,,
23-Oct-2021 - 00:00,122.6,319.66,98.91,50.37,107.36,52.79,11.81,13.25,1.27,,,,,,,,,
24-Oct-2021 - 00:00,95.08,215.29,7.83,4.37,8.61,55.14,9.21,35.33,1.14,,,,,,,,,
25-Oct-2021 - 00:00,46.29,111.54,5.36,4.13,6.57,49.29,7.72,39.44,1.26,,,,,,,,,
26-Oct-2021 - 00:00,75.67,160.92,12.01,34.05,27.91,46.54,7.07,35.06,1.1,,,,,,,,,
27-Oct-2021 - 00:00,131.08,258.67,11.11,48.92,35.07,57.39,14.52,46.24,1.2,,,,,,,,,
28-Oct-2021 - 00:00,142.3,249.65,10.86,43.41,31.93,64.03,11.99,43.48,1.26,,,,,,,,,
29-Oct-2021 - 00:00,157.79,277.33,15.3,46.86,37.4,60.91,11.57,44.84,1.15,,,,,,,,,
30-Oct-2021 - 00:00,140.12,253.67,7.68,36.14,25.47,62.06,13.47,48.91,1.15,,,,,,,,,
31-Oct-2021 - 00:00,170.92,314.64,17.54,35.81,33.32,70.26,17.56,49.2,1.19,,,,,,,,,
